Country Name;Country Code;1990;1991;1992;1993;1994;1995;1996;1997;1998;1999;2000;2001;2002;2003;2004;2005;2006;2007;2008;2009;2010;2011;2012;2013;2014;2015;2016;2017;2018;2019;2020;2021;2022;2023;2024
Aruba;ABW;;;;;;;;;;;;;;;;;;;;;;;;;;;;;;;;;;;
Africa Eastern and Southern;AFE;72,11154945;72,17933204;72,27927123;72,27015294;72,35346213;72,4935314;72,52087179;72,4810062;72,41696145;72,33893275;72,28231286;72,22234235;72,20879465;72,20830278;72,1694102;72,1470304;71,98197361;71,76300317;71,53609904;71,14870331;70,46491122;70,92204159;70,8742098;70,83213592;69,95275659;69,62206728;69,13831073;68,50008511;68,08854388;67,74672513;66,29092669;66,79551178;67,00764286;69,30694303;69,18239561
Afghanistan;AFG;47,251;47,198;47,137;47,067;46,986;46,905;46,827;46,751;46,682;46,621;46,571;46,533;46,508;46,499;46,507;46,532;46,57;46,621;46,68;46,743;46,811;46,881;46,956;47,026;47,096;47,165;47,235;47,305;45,57;43,823;41,579;40,932;37,64;37,673;37,496
Africa Western and Central;AFW;76,59380153;76,61585928;76,51132413;76,54951499;76,56315557;76,5304313;76,41852208;76,33736838;76,26321157;76,23508663;76,11999027;75,98526923;75,68472404;75,49283588;75,29328621;75,10964406;74,93535899;74,73454833;74,43294755;74,09511266;73,76231029;73,53482619;73,25899622;72,90333451;72,537437;72,27094786;72,2171522;71,75874507;71,53272095;71,32953907;70,80323596;70,90758597;70,91841445;71,4161222;71,28293854
Angola;AGO;77,271;77,319;77,364;77,404;77,439;77,456;77,456;77,447;77,43;77,411;77,389;77,364;77,339;77,313;77,29;77,272;77,26;77,252;77,252;77,256;77,26;77,315;77,037;76,756;76,473;76,187;75,899;75,609;75,316;75,021;74,729;76,372;75,615;75,75;75,703
Albania;ALB;61,783;64,299;64,883;64,057;63,358;62,343;61,663;62,464;61,795;60,913;60,435;59,888;59,61;58,557;57,496;56,428;55,354;54,275;53,192;54,993;55,202;59,938;56,995;52,418;53,42;55,497;57,314;58,057;59,296;60,306;57,78;58,869;60,421;60,432;60,675
Andorra;AND;;;;;;;;;;;;;;;;;;;;;;;;;;;;;;;;;;;
Arab World;ARB;47,59759024;47,61914859;47,78817552;48,01025206;48,19733378;47,95941634;47,76150287;47,55433199;47,29366298;47,68041872;47,32405326;46,73795771;46,05330624;46,1769639;46,32120974;46,49422182;46,72724064;47,01426343;46,95548669;47,06682565;47,52741607;47,5216793;47,25202289;47,31508874;47,31783505;46,83049683;46,78200731;45,9759439;45,459906;45,20394961;44,12406282;44,35361713;44,70652689;45,46017603;45,34301667
United Arab Emirates;ARE;74,385;74,654;74,952;75,464;75,812;76,18;76,05;75,37;74,887;74,61;74,514;74,652;74,989;75,467;76,051;76,708;77,236;77,346;77,096;76,644;76,683;76,905;77,077;77,359;77,692;78,011;78,453;78,759;79,108;79,467;78,781;77,054;77,242;77,455;77,707
Argentina;ARG;59,033;59,929;60,691;61,484;62,008;61,499;61,998;62,793;63,108;62,556;62,324;61,646;60,112;61,018;61,943;61,511;61,795;61,114;60,428;60,78;60,187;60,651;60,362;59,962;59,444;59,232;59,02;58,808;59,595;60,289;56,023;60,358;61,484;62,286;62,209
Armenia;ARM;65,543;65,454;65,178;64,707;64,159;63,597;63,061;62,56;62,18;61,942;61,777;61,525;61,167;60,837;60,565;60,367;60,278;60,345;60,344;61,266;61,486;61,566;61,555;61,657;61,77;61,886;62,016;62,013;61,981;63,176;62,452;63,149;62,208;62,033;61,636
American Samoa;ASM;;;;;;;;;;;;;;;;;;;;;;;;;;;;;;;;;;;
Antigua and Barbuda;ATG;;;;;;;;;;;;;;;;;;;;;;;;;;;;;;;;;;;
Australia;AUS;63,894;63,285;63,002;62,597;63,077;63,678;63,649;63,26;63,133;62,908;63,282;63,444;63,508;63,715;63,577;64,509;64,85;65,275;65,564;65,502;65,48;65,514;65,245;65,025;64,787;65,076;64,952;65,248;65,715;66,012;65,104;65,965;66,703;66,784;66,716
Austria;AUT;55,663;56,086;56,94;57,19;58,694;58,884;58,394;58,088;58,404;58,576;58,429;57,892;58,691;58,728;57,644;58,064;58,563;59,423;59,658;59,921;59,876;59,909;60,207;60,362;60,172;60,224;60,696;60,665;60,919;60,898;60,364;60,631;60,882;60,853;60,567
Azerbaijan;AZE;71,807;71,904;73,679;75,826;77,905;79,246;79,266;78,898;78,19;77,691;76,8;74,597;72,482;70,534;67,969;66,542;64,801;61,787;60,823;60,983;60,864;61,19;61,594;61,896;62,761;63,537;64,652;65,038;65,399;65,218;67,223;62,166;64,018;63,537;62,926
Burundi;BDI;90,094;89,552;88,994;88,252;87,504;86,881;86,054;85,137;84,217;83,449;82,655;81,858;81,042;80,201;79,346;78,43;77,447;77,677;77,879;78,159;78,422;78,565;78,701;78,839;78,938;79,521;79,976;80,156;80,107;79,798;78,547;79,14;79,16;78,911;78,609
Belgium;BEL;48,258;49,193;49,524;49,624;50,229;50,439;50,399;50,488;50,744;51,871;52,243;50,791;51,102;51,255;52,012;53,295;53,109;53,656;53,695;53,514;54,162;53,297;53,328;53,617;53,575;53,369;53,164;53,336;53,669;53,896;53,382;54,048;54,575;54,397;54,28
Benin;BEN;72,155;72,16;72,16;72,119;72,078;72,037;71,996;71,955;71,914;71,873;71,832;71,791;71,75;71,764;71,779;71,793;71,808;71,822;71,837;71,851;71,866;71,88;72,295;72,707;73,115;73,519;73,919;74,315;74,707;75,095;74,791;75,987;75,784;75,591;75,678
Burkina Faso;BFA;83,879;83,93;83,316;82,682;82,03;81,36;80,669;79,96;79,231;78,483;77,716;76,929;76,123;75,298;74,454;73,591;72,71;71,875;71,025;70,16;69,281;68,387;67,479;66,558;65,624;63,369;61,103;58,828;56,544;54,247;51,528;49,712;47,453;47,405;47,146
Bangladesh;BGD;56,638;56,79;56,951;57,109;57,273;57,439;57,604;57,761;57,902;58,023;58,121;58,173;58,182;58,168;58,143;58,113;58,071;58,197;58,324;58,45;58,576;58,112;57,647;57,18;56,817;56,454;56,09;58,328;58,936;59,511;59,852;61,184;61,873;61,736;61,892
Bulgaria;BGR;53,538;53,42;53,331;52,733;52,257;51,806;51,362;51,044;50,601;50,337;49,952;51,474;50,96;50,16;50,909;50,129;52,014;53,547;54,862;54,1;53,503;52,551;53,174;53,937;53,966;54,209;53,31;55,405;55,316;56,548;55,726;55,293;56,668;56,843;56,677
Bahrain;BHR;66,377;66,404;66,533;66,376;66,224;66,126;66,115;66,206;66,41;66,716;67,116;67,333;67,299;67,308;67,482;67,856;68,448;69,237;70,157;71,125;71,745;71,188;71,586;71,549;71,169;71,359;71,975;72,322;72,115;71,579;69,585;69,213;70,41;70,878;70,729
Bahamas, The;BHS;71,753;72,262;72,745;73,197;73,612;73,717;73,809;73,805;73,886;74,01;74,026;73,987;73,937;73,756;73,622;73,548;73,445;73,307;73,069;72,782;72,666;72,56;72,549;72,404;72,415;72,428;72,417;72,534;72,684;72,711;68,402;70,098;72,038;72,178;71,982
Bosnia and Herzegovina;BIH;54,714;54,552;54,045;53,183;52,327;51,774;51,706;51,726;51,691;51,679;51,701;51,725;51,728;51,69;51,622;51,554;51,539;51,529;51,545;51,41;51,319;51,186;50,934;50,723;50,465;50,294;50,086;49,865;49,599;49,262;48,752;48,812;48,838;49,428;49,268
Belarus;BLR;59,411;59,217;59,186;59,089;59,155;59,277;59,026;58,646;58,557;58,703;59,3;59,793;60,121;60,375;60,556;60,755;61,03;61,353;61,802;62,318;62,812;63,283;63,651;63,929;64,122;64,253;64,367;64,462;64,393;64,231;64,006;63,999;64,021;63,504;63,013
Belize;BLZ;55,273;55,621;56,003;56,153;56,07;57,019;57,962;58,9;58,7;59,3;59,541;59,782;60,022;60,262;60,501;60,74;60,978;61,216;61,453;61,69;61,926;62,162;62,397;62,631;63,492;63,872;64,25;64,034;66,942;69,726;64,449;61,821;61,975;62,105;62,034
Bermuda;BMU;;;;;;;;;;;;;;;;;;;;;;;;;;;;;;;;;;;
Bolivia;BOL;68,983;69,318;69,273;69,509;69,792;70,08;70,339;70,66;70,491;70,322;70,152;69,981;69,81;69,639;69,467;69,294;69,121;68,947;68,772;68,598;68,422;68,246;68,07;67,893;67,715;67,537;67,359;68,634;71,798;74,158;72,869;77,79;78,267;78,36;78,699
Brazil;BRA;64,682;64,72;64,982;65,227;65,452;65,663;63,949;64,787;64,922;65,595;65,807;66,035;66,975;66,899;67,364;68,05;67,705;67,295;67,173;67,401;66,145;64,87;64,409;64,314;64,04;64,275;64,29;64,525;64,501;64,887;60,479;62,456;63,527;62,915;62,704
Barbados;BRB;68,508;68,147;67,696;68,225;68,736;69,691;68,899;69,031;69,151;69,229;69,35;69,467;69,499;69,534;70,152;69,968;69,79;69,62;69,42;69,162;68,899;68,641;67,569;68,292;66,34;65,433;66,065;66,151;65,706;64,905;63,807;63,913;63,305;63,368;62,989
Brunei Darussalam;BRN;66,386;66,357;66,742;67,09;67,382;67,612;67,796;67,959;68,118;68,271;68,406;68,51;68,36;68,185;67,994;67,792;67,571;67,251;66,9;66,665;66,558;66,505;66,383;66,184;65,947;65,682;65,421;65,191;66,433;64,793;64,036;63,895;64,083;63,984;63,741
Bhutan;BTN;70,576;70,483;70,396;70,316;70,249;70,191;70,145;70,112;70,097;69,995;69,808;69,648;69,519;69,425;69,373;69,389;69,47;69,566;69,646;69,7;68,15;67,41;64,4;65,3;62,61;63,14;62,961;62,782;62,603;66,364;67,827;69,094;63,094;64,994;64,927
Botswana;BWA;62,876;62,571;62,349;62,143;61,836;61,414;60,972;60,47;60,12;59,377;58,6;58,819;59,006;59,195;59,425;59,665;59,894;60,853;61,783;62,683;59,862;60,571;61,169;61,587;61,917;62,191;62,461;62,766;63,107;63,48;61,735;63,994;64,621;68,276;68,563
Central African Republic;CAF;72,415;72,527;72,607;72,658;72,686;72,724;72,755;72,757;72,745;72,719;72,682;72,671;72,645;72,602;72,584;72,566;72,584;72,626;72,653;72,728;72,825;72,931;73,104;73,296;73,542;73,698;73,696;73,704;73,71;73,702;73,002;72,909;73,628;73,592;73,577
Canada;CAN;66,76;66,227;65,301;64,935;64,751;64,404;64,225;64,42;64,67;65,072;65,291;65,412;66,386;67,111;67,057;66,731;66,828;67,109;67,268;66,952;66,732;66,594;66,558;66,541;66,022;65,887;65,638;65,792;65,547;65,809;64,097;65,195;65,247;65,361;65,244
Central Europe and the Baltics;CEB;57,68280373;57,60130991;57,38102804;56,96954417;56,54905848;56,03343346;55,71202027;55,37817179;55,14726814;54,89528379;54,89174106;54,99414278;54,52153736;54,29385813;54,17029398;54,27711237;54,0715576;54,12811464;54,48547778;53,91271849;54,73309439;54,67157615;55,00970691;55,21985174;55,72038397;55,99746973;56,09717678;56,65828889;56,75723477;56,82670528;56,64902075;57,27730786;57,75421928;57,81873389;57,5802016
Switzerland;CHE;64,826;64,822;64,73;65,043;64,008;64,087;67,428;67,328;67,862;67,735;67,296;67,77;67,75;67,849;67,264;66,96;67,32;67,615;68,192;68,276;67,013;67,525;67,586;67,602;67,991;68,218;68,663;68,538;68,575;68,323;67,984;67,47;66,641;67,373;67,066
Channel Islands;CHI;57,427;57,564;57,706;57,69;57,786;58,087;58,44;58,698;58,967;59,392;59,62;59,633;59,74;59,785;59,841;60,019;59,988;60,003;59,993;59,943;59,847;59,275;59,204;59,088;59,066;59,072;59,028;58,976;58,837;58,705;57,861;58,305;58,096;57,442;57,122
Chile;CHL;52,415;53,117;54,188;54,763;55,167;56,012;56,63;56,619;56,752;56,647;55,909;55,014;54,512;55,031;55,397;55,735;56,875;57,348;58,546;58,345;60,192;61,571;61,537;61,623;61,933;62,067;62,155;62,951;63,207;63,072;56,358;57,552;60,138;61,521;61,472
China;CHN;79,17;78,706;78,234;77,754;77,267;76,773;76,271;75,762;75,245;74,721;74,19;73,878;73,563;73,246;72,927;72,605;72,28;71,954;71,625;71,294;70,96;70,86;70,41;69,97;69,65;69,3;68,88;68,35;67,81;67,38;65,976;67,11;65,8;65,83;65,393
Cote d'Ivoire;CIV;65,717;65,654;65,583;65,511;65,436;65,36;65,289;65,224;65,17;65,322;65,474;65,625;65,776;65,927;66,077;66,227;66,377;66,527;66,676;66,825;66,973;67,121;67,269;67,159;67,049;66,939;66,829;66,121;65,406;64,684;65,02;66,525;67,013;66,749;66,701
Cameroon;CMR;82,361;82,365;82,362;82,347;82,321;82,285;82,233;82,169;82,107;82,056;82,008;81,954;81,896;81,844;81,804;81,775;81,752;81,727;80,013;78,18;76,23;75,238;74,218;73,172;72,099;71,148;70,219;69,303;68,383;67,447;65,915;65,315;65,694;65,625;65,197
Congo, Dem. Rep.;COD;72,086;72,102;72,119;72,122;72,002;71,97;72,195;72,427;72,504;72,499;72,512;72,523;72,539;72,562;72,578;72,581;71,694;70,789;69,868;68,93;67,977;67,008;66,025;66,026;66,03;66,036;66,014;65,986;65,999;66,032;63,44;65,774;65,575;65,395;65,362
Congo, Rep.;COG;68,882;68,823;68,765;68,697;68,641;68,604;68,566;68,592;68,601;68,534;68,336;68,162;68,153;68,107;68,013;67,918;67,828;67,765;67,763;67,718;67,686;67,755;67,856;67,978;68,081;68,161;68,208;68,219;68,208;68,173;66,877;67,266;67,971;68,007;67,968
Colombia;COL;66,705;66,699;66,927;67,303;67,727;68,089;68,113;68,293;68,161;67,48;67,625;67,635;66,596;67,436;66,686;65,339;64,616;63,887;64,158;66,954;67,079;67,514;68,072;67,273;66,991;67,02;66,418;66,013;65,237;64,322;63,415;64,33;63,159;63,764;63,611
Comoros;COM;41,791;41,781;41,84;41,96;42,048;42,102;42,125;42,111;42,054;41,938;41,807;41,716;41,651;41,561;41,376;41,682;41,99;42,297;42,606;42,915;43,224;43,534;43,845;44,156;44,467;45,338;46,196;47,007;47,786;48,575;49,033;50,035;50,549;50,433;50,719
Cabo Verde;CPV;60,89;60,629;60,367;60,105;59,842;59,579;59,315;59,051;58,786;58,52;58,254;57,988;57,721;57,454;57,186;56,918;56,649;56,38;56,111;55,841;59,12;59,129;59,137;59,146;59,154;59,163;59,171;59,18;55,56;57,43;55;55,531;57,809;57,514;57,448
Costa Rica;CRI;57,35;56,5;55,66;56,54;57,02;58,03;55,97;58,13;59,69;59,69;58,87;60,231;59,76;60,04;58,867;61,309;60,647;61,428;60,909;60,485;59,214;60,62;64,332;63,662;64,189;62,808;59,687;59,848;62,21;64,263;60,621;61,763;61,491;56,83;56,588
Caribbean small states;CSS;59,73138566;59,93601382;60,25104768;60,42590799;60,85272859;61,27387925;61,45431435;61,47039526;61,42842501;61,35712423;61,32566877;61,31140273;61,3037089;61,83910846;62,42329787;62,89522483;63,01304507;62,89052283;62,88808909;62,59833511;62,23394643;61,91029666;62,28569378;62,4068585;62,44909353;62,14819798;61,91917406;61,73293749;61,85570073;61,15868619;58,26618793;58,49468165;59,00777286;58,92841469;58,68596577
Cuba;CUB;53,315;53,132;52,923;52,596;52,762;52,962;53,344;53,567;53,662;53,896;54,057;54,069;53,965;53,901;53,874;54,005;54,176;54,237;54,238;55,476;54,824;54,854;54,899;54,966;54,988;55,094;55,019;54,908;54,72;54,402;51,417;51,682;52,966;52,601;52,243
Curacao;CUW;;;;;;;;;;;;;;;;;;;;;;;;;;;;;;;;;;;
Cayman Islands;CYM;;;;;;;;;;;;;;;;;;;;;;;;;;;;;;;;;;;
Cyprus;CYP;60,225;60,576;60,383;60,533;60,68;60,771;60,791;60,735;60,622;60,484;60,361;61,912;61,833;63,074;63,283;63,297;63,3;63,823;63,678;63,701;64,19;63,828;64,036;64,036;64,633;64,16;63,762;64,377;65,38;66,113;65,734;66,476;67,624;67,898;67,749
Czechia;CZE;61,465;61,368;61,401;61,42;61,677;61,552;61,3;61,157;61,061;61,05;60,415;60,01;59,813;59,498;59,229;59,42;59,273;58,775;58,409;58,554;58,343;58,265;58,641;59,255;59,27;59,372;59,821;60,073;60,373;60,118;59,46;59,45;59,865;60,43;60,187
Germany;DEU;58,172;59,598;59,076;58,549;58,684;58,253;58,01;58,233;58,174;58,336;57,989;57,899;57,79;57,846;57,458;58,332;58,997;59,065;59,087;59,211;59,312;59,853;59,958;60,279;60,378;60,22;60,411;60,659;60,859;61,307;60,478;60,395;60,929;61,117;60,884
Djibouti;DJI;35,886;35,816;35,743;35,66;35,574;35,478;35,355;35,12;34,843;34,637;34,482;34,336;34,204;34,151;34,143;34,103;34,001;33,859;33,711;33,563;33,423;33,284;33,146;33,001;32,84;32,663;32,472;32,272;32,068;31,871;31,139;31,314;31,954;32,066;32,033
Dominica;DMA;;;;;;;;;;;;;;;;;;;;;;;;;;;;;;;;;;;
Denmark;DNK;67,303;67,211;67,075;66,438;64,506;65,251;65,394;65,694;65,315;66,09;65,757;65,421;65,984;65,768;66,137;65,933;66,341;65,886;65,208;64,507;63,604;63,167;62,418;61,49;61,336;61,413;61,744;61,827;61,906;62,445;62,125;62,716;63,504;63,752;63,713
Dominican Republic;DOM;56,788;56,738;57,113;57,335;57,363;57,521;57,695;57,99;58,201;58,383;58,514;57,276;57,568;56,633;56,853;56,623;57,305;57,21;57,585;55,47;56,706;58,157;59,431;59,269;59,529;62,007;62,451;62,367;63,771;65,189;60,365;63,174;63,224;64,282;64,519
Algeria;DZA;45,587;45,797;45,774;45,769;45,749;45,588;45,431;45,042;44,705;44,48;44,265;44,068;43,859;43,653;43,495;43,344;43,253;43,181;43,154;43,164;43,507;43,321;43,11;42,874;42,603;42,453;42,326;42,313;42,266;42,182;39,552;39,852;41,398;41,144;40,76
East Asia & Pacific (excluding high income);EAP;76,60118511;76,19388961;75,86080874;75,40676979;75,15433283;74,7881636;74,4154987;73,94046633;73,56314258;73,12482018;72,7479862;72,49553028;72,08993489;71,7829422;71,54456305;71,16468317;70,88073457;70,88094638;70,64328371;70,4023917;70,18998607;70,24464849;69,93565513;69,45961734;69,25009615;68,94359765;68,54645856;68,06141359;67,8340114;67,52993143;66,11596466;66,62174992;66,16542064;66,14838059;65,79654046
Early-demographic dividend;EAR;58,51664233;58,54788763;58,62533542;58,50923743;58,7536951;58,81318115;58,97346228;59,13761168;59,31784144;59,47474305;59,49100374;59,26468123;58,95056983;58,8515029;58,81626212;58,64974693;58,22246968;57,97502303;57,47832433;57,12113599;56,80798309;56,56433497;56,36836298;56,20348959;56,00156363;55,92786328;55,79638167;55,69626351;55,627091;55,56158462;54,2113276;54,96857647;55,88921266;56,39114936;56,7421425
East Asia & Pacific;EAS;74,68046812;74,37681488;74,11436093;73,70439953;73,50529265;73,19599472;72,89032985;72,50718252;72,11524751;71,70476518;71,37253586;71,13919499;70,75877144;70,45824549;70,25856958;69,9448844;69,71092224;69,71957321;69,49192392;69,24647735;69,04712934;69,09160413;68,81811179;68,42370481;68,28299036;68,03382602;67,71707744;67,33053886;67,1946135;66,96940351;65,68211387;66,16491352;65,82029486;65,84008413;65,54327217
Europe & Central Asia (excluding high income);ECA;59,88281529;59,99334893;59,86196812;58,87020859;59,58969277;59,3719057;59,05397236;58,52450462;58,41493223;58,27077728;57,31915388;57,10216658;56,81488227;56,26045247;55,32440029;55,14148754;54,89319061;54,83980326;54,91269777;55,1909527;55,45612457;55,87004882;55,84224979;56,04127104;56,00572437;56,28823669;56,57800502;56,76024156;56,83996217;56,72912945;54,9949142;55,62577365;56,7885305;56,74867035;56,74553259
Europe & Central Asia;ECS;59,36484851;59,3930537;58,9911937;58,22061042;57,94176453;57,66592958;57,46257231;57,11014595;56,96865414;57,59298739;57,42150511;57,07083291;57,16477481;57,09508783;57,00859018;57,19870485;57,3199503;57,47446381;57,70933028;57,66240904;57,76967526;57,90271064;58,04137579;58,08060885;58,08204005;58,14124147;58,29112104;58,36399938;58,42975019;58,32351514;57,46712658;57,93807367;58,55626748;58,59043294;58,37317016
Ecuador;ECU;63,003;63,215;63,213;63,21;63,454;63,492;63,48;64,25;66,38;64,929;63,449;64,083;64,711;65,335;67,468;66,977;67,949;66,767;66,549;64,013;62,684;61,78;62,452;62,261;62,619;65,658;67,669;68,154;66,661;66,179;59,926;64,99;64,985;64,489;64,382
Egypt, Arab Rep.;EGY;46,619;46,72;47,19;47,89;48,88;47,92;47,279;46,639;46;47,52;46,222;44,93;43,19;44,129;45,073;46,02;46,97;47,93;47,551;47,902;49,368;48,785;48,494;48,436;48,117;46,978;46,63;44,95;43,299;42,199;41,616;42,987;42,837;42,821;42,584
Euro area;EMU;55,4343162;55,72635911;55,21155321;54,92019912;54,85666331;54,62447565;54,73829074;54,79663169;54,97213039;55,22329126;55,28480604;55,09415082;55,43379082;55,80031563;55,92834222;56,27671038;56,57564708;56,68000631;56,87960194;56,77817861;56,71000828;56,67629074;56,92222069;56,88010243;56,77413838;56,69900426;56,75908027;56,8510081;56,92354803;57,00107704;56,14424574;56,65713031;57,20464271;57,38882294;57,19036934
Eritrea;ERI;80,82;80,81;80,815;80,614;80,368;80,095;79,9;80,117;80,299;80,392;80,463;80,285;80,093;79,907;79,706;79,671;79,74;79,75;79,75;79,579;79,464;79,234;79,073;79,096;78,742;78,977;78,818;78,792;78,414;78,087;77,07;77,588;78,141;78,184;78,161
Spain;ESP;49,859;49,737;49,796;49,873;50,307;50,116;50,416;50,916;51,243;51,772;52,89;52,094;53,661;54,819;55,73;56,881;57,835;58,335;59,084;59,251;59,357;59,372;59,404;59,131;58,732;58,623;58,325;58,047;57,634;57,626;56,401;57,434;57,743;57,703;57,379
Estonia;EST;68,058;66,844;64,683;63,154;63,056;61,843;61,212;61,491;60,227;58,98;58,906;57,99;56,958;58,75;58,928;58,608;60,497;60,514;61,157;60,759;60,508;61,255;61,256;61,272;61,08;61,817;62,639;63,244;63,498;63,161;63,039;63,186;65,113;65,604;65,331
Ethiopia;ETH;81,751;81,744;81,746;81,783;81,82;81,857;81,9;81,952;82,006;82,054;82,088;82,103;82,099;82,08;82,053;82,019;81,923;81,826;81,729;81,632;81,534;81,436;81,337;81,238;79,594;77,958;76,331;74,712;73,108;71,518;69,353;68,253;68,061;67,776;67,684
European Union;EUU;56,04965242;56,2475017;55,81433165;55,49534557;55,34648874;55,08073736;55,09660459;55,06767757;55,14550119;55,31087683;55,35913333;55,25745666;55,4143708;55,62340978;55,69331965;56,01888256;56,21025975;56,29621486;56,51787456;56,29738232;56,44153409;56,41289908;56,66978315;56,69069446;56,70051686;56,70319689;56,78423243;56,9803323;57,05940407;57,14953753;56,43555781;56,97033495;57,48900783;57,65901508;57,45914466
Fragile and conflict affected situations;FCS;68,6936659;68,77532341;68,72128516;68,6513155;68,58412359;68,58962091;68,55902392;68,52771486;68,48596986;68,44340461;68,37306321;68,22944549;67,96660958;67,77244171;67,62700064;67,4775245;67,26189048;67,05940565;66,80348006;66,54919701;66,31065452;66,1818365;65,82189592;65,66285887;65,36817015;64,9308722;64,59272679;64,12479803;63,73070405;63,13485398;61,94812339;61,66551459;62,09862123;63,69865788;63,59409876
Finland;FIN;64,747;63,413;62,077;61,281;60,516;59,717;59,234;60,107;60,166;61,067;61,407;61,919;62,141;62,136;61,844;62,21;62,276;61,122;61,426;60,385;59,714;59,82;59,588;59,112;58,738;58,762;58,545;58,667;59,309;59,184;58,849;59,768;60,422;60,275;60,228
Fiji;FJI;59,837;59,919;59,778;59,733;59,613;59,555;59,45;59,294;59,139;58,983;58,826;58,67;58,514;58,357;58,2;56,727;57,803;58,872;59,933;60,984;62,026;63,056;61,685;60,296;58,89;58,238;57,584;57,452;57,356;57,37;56,733;56,93;57,392;57,369;57,272
France;FRA;55,603;55,022;55,162;55,187;55,067;55,054;55,351;54,959;55,041;55,354;55,303;55,122;55,399;56,003;55,85;55,989;55,916;56,064;56,132;56,31;56,216;56,02;56,226;56,27;55,764;55,621;55,399;55,258;55,3;54,939;54,271;55,54;55,846;55,642;55,456
Faroe Islands;FRO;;;;;;;;;;;;;;;;;;;;;;;;;;;;;;;;;;;
Micronesia, Fed. Sts.;FSM;;;;;;;;;;;;;;;;;;;;;;;;;;;;;;;;;;;
Gabon;GAB;48,385;48,326;48,455;48,403;48,336;48,224;48,123;47,967;47,858;48,038;48,058;48,004;48,017;47,997;48,044;48,081;48,286;48,336;48,639;48,911;49,077;49,284;49,551;49,811;50,091;50,362;50,655;50,96;51,214;51,334;47,947;48,597;51,362;51,297;51,124
United Kingdom;GBR;62,376;61,977;61,539;61,027;60,827;60,628;60,701;60,863;60,765;61,091;61,338;60,966;61,254;61,368;61,417;61,634;62,058;61,905;62,157;61,957;61,768;61,76;61,971;61,976;62,108;62,226;62,38;62,38;62,603;62,596;62,543;61,947;61,905;61,784;61,676
Georgia;GEO;65,778;66,261;66,8;67,404;68,088;67,627;66,628;65,752;65,4;66;64,1;66,21;64,95;66,02;64,77;64,05;62,2;63,3;63,49;64,588;65,494;66,218;67,554;67,152;67,697;68,781;68,425;66,216;63,934;62,928;63,399;60,708;63,026;63,081;62,993
Ghana;GHA;77,563;77,539;77,226;76,91;76,592;76,27;75,945;75,617;75,286;74,952;74,615;74,277;73,937;73,593;73,247;72,898;72,546;72,191;71,833;71,473;71,11;70,744;70,375;70,004;69,63;69,253;68,425;67,583;66,736;65,889;64,503;64,08;63,435;63,415;63,033
Gibraltar;GIB;;;;;;;;;;;;;;;;;;;;;;;;;;;;;;;;;;;
Guinea;GIN;63,565;63,598;63,639;63,682;63,727;63,766;63,799;63,923;64,051;64,106;64,185;64,333;64,416;63,769;63,116;62,459;61,797;61,131;60,461;59,786;59,108;58,427;57,742;57,054;56,364;55,671;54,975;54,278;53,579;52,879;52,377;52,613;52,47;52,297;51,999
Gambia, The;GMB;47,766;47,808;47,834;47,861;47,989;48,078;48,109;48,03;48,008;47,869;47,764;47,646;47,908;47,747;47,58;47,806;47,959;47,962;47,836;47,694;47,582;48,075;47,989;47,998;48,186;48,139;48,176;48,092;47,907;47,76;47,844;47,773;47,698;47,549;47,488
Guinea-Bissau;GNB;64,383;64,342;64,316;64,305;64,3;64,28;64,242;64,194;64,146;64,098;64,043;63,984;63,929;63,877;63,823;63,776;63,737;63,697;63,651;63,598;63,542;63,486;63,429;63,369;63,301;63,222;63,131;63,024;62,901;62,77;62,174;62,539;62,733;62,785;62,729
Equatorial Guinea;GNQ;60,391;60,765;61,105;61,407;61,677;61,904;62,075;62,203;62,295;62,309;62,049;61,517;60,878;60,191;59,516;59,077;58,9;58,833;58,864;58,993;59,217;59,546;59,937;60,319;60,666;60,943;61,133;61,232;61,224;61,099;57,701;58,338;60,758;60,522;60,239
Greece;GRC;50,333;48,786;49,935;49,756;50,309;50,572;51,197;50,918;51,852;51,58;51,442;50,72;51,014;51,404;52,032;52,161;52,427;52,274;52,328;52,734;52,894;52,155;51,893;51,565;51,23;51,201;51,147;51,022;50,8;50,855;50,055;50,33;51,826;51,826;51,631
Grenada;GRD;;;;;;;;;;;;;;;;;;;;;;;;;;;;;;;;;;;
Greenland;GRL;;;;;;;;;;;;;;;;;;;;;;;;;;;;;;;;;;;
Guatemala;GTM;62,321;62,36;62,451;62,508;62,571;62,674;62,696;62,779;62,888;62,948;62,996;62,992;63,055;63,07;63,112;62,675;62,236;61,794;61,351;60,906;60,459;61,401;65,118;60,22;60,732;60,596;60,689;60,943;60,503;59,169;56,901;57,907;60,241;60,212;60,149
Guam;GUM;72,69;72,222;71,75;71,272;70,79;70,303;69,812;69,315;68,815;68,309;67,8;65,6;62,4;62,051;61,7;61,1;62,7;57,8;59,765;61,7;61,4;62,6;62,558;62,525;62,487;62,473;62,474;62,455;62,477;62,41;60,855;61,241;62,56;62,574;62,569
Guyana;GUY;58,946;59,27;59,654;60,06;59,663;59,27;58,876;58,476;58,065;57,641;57,203;56,744;56,261;56,345;56,369;56,37;56,346;56,297;56,224;56,128;56,007;55,865;55,68;55,465;55,257;55,069;54,909;54,773;54,903;51,293;50,677;50,816;50,214;49,834;49,63
High income;HIC;61,10120818;61,10589722;60,92176174;60,4940658;60,29261743;60,17576504;60,13926569;60,08816015;59,89827489;60,30784497;60,34694602;60,04596495;60,0489815;59,97213831;60,02015896;60,21973654;60,41662913;60,53500631;60,68756363;60,41684192;60,33851132;60,29649387;60,44095555;60,43824907;60,49097021;60,51479779;60,68539506;60,79468419;60,97075193;61,10256505;60,29481753;60,58804239;61,01291467;61,18832386;61,06136276
Hong Kong SAR, China;HKG;63,217;63,443;62,403;61,995;61,823;61,666;61,385;61,179;61,146;60,929;60,705;60,967;61,252;60,749;60,676;60,567;60,544;60,565;60,077;59,976;58,823;59,326;59,744;60,493;60,326;60,465;60,397;60,466;60,647;59,995;58,975;58,744;57,851;57,395;56,965
Honduras;HND;65,909;65,637;65,773;65,927;65,813;65,954;65,914;65,99;66,028;65,88;64,38;63,844;63,305;62,762;62,216;61,667;59,856;58,958;59,576;60,807;61,915;59,727;58,4;62,661;64,152;64,092;63,323;64,359;66,746;64,592;60,286;62,616;63,915;57,363;57,193
Heavily indebted poor countries (HIPC);HPC;71,83263437;71,90279339;71,89180463;71,78746222;71,75857459;71,78994964;71,75604657;71,69495659;71,63041792;71,55786218;71,48931235;71,44439632;71,3868476;71,30530278;71,23483768;71,14163036;70,90118608;70,63576899;70,31872238;70,01397912;69,70709213;69,71110975;69,49521036;69,29831897;68,40778949;67,81475145;67,28359131;66,57374724;66,33101017;65,99310871;64,68128505;65,06278137;65,0469655;66,54794196;66,44637673
Croatia;HRV;57,557;57,353;56,798;56,219;55,637;55,043;54,481;53,956;53,461;53,023;52,632;52,23;51,763;51,776;52,917;52,658;52,107;52,87;53,08;53,051;52,535;51,757;51,279;50,739;52,24;52,649;51,196;51,474;51,048;51,002;51,011;51,914;52,677;52,255;52,086
Haiti;HTI;66,75;66,419;66,087;65,753;65,417;65,08;64,623;64,164;63,702;63,237;62,77;62,983;63,196;63,408;63,619;63,83;64,191;64,551;64,909;65,265;65,62;65,776;65,734;65,845;65,901;65,899;65,915;65,959;65,971;65,847;65,221;65,535;65,422;65,299;65,191
Hungary;HUN;51,624;51,283;51,144;51,081;51,039;50,981;50,929;50,904;50,9;50,995;51,245;51,564;51,839;52,024;52,219;52,332;52,391;52,288;52,149;51,579;52,003;52,244;52,878;53,528;55,009;56,203;57,28;57,814;58,338;58,505;58,498;59,215;59,922;60,554;60,523
IBRD only;IBD;67,10046721;66,88871518;66,70426398;66,35564178;66,20029883;66,04490526;65,77545331;65,59835545;65,43737232;65,43776011;65,23285652;64,98039555;64,70182511;64,50641867;64,39866558;64,25083029;63,89538724;63,67266561;63,30336749;62,96692789;62,56172622;62,36297598;62,07082568;61,75432388;61,5400639;61,36641987;61,13962019;60,85804564;60,63743253;60,40841483;58,77875803;59,71070215;59,98907383;60,26497023;60,30894297
IDA & IBRD total;IBT;66,86879899;66,69975014;66,54433564;66,25042738;66,13150572;65,9840904;65,78527961;65,65741365;65,53436358;65,53225263;65,3551908;65,134896;64,88813058;64,71581551;64,61244527;64,46355618;64,13455966;63,91759962;63,58111412;63,300742;62,9691036;62,79948832;62,53263881;62,26275035;62,00239466;61,83571967;61,60398672;61,34962108;61,1500105;60,9517015;59,55764892;60,3479927;60,59323419;60,97407415;60,99170199
IDA total;IDA;65,77381169;65,81359392;65,80089553;65,76605514;65,81796734;65,70956806;65,82926054;65,91973994;65,96164709;65,94493158;65,88488817;65,79837914;65,68194096;65,60083583;65,50851768;65,34761063;65,11851257;64,91277483;64,69536573;64,62319221;64,56239001;64,48521077;64,29533486;64,18433829;63,73131446;63,57053984;63,2986819;63,11918971;62,96884322;62,85077573;62,23785869;62,50534368;62,58639355;63,33746213;63,24351341
IDA blend;IDB;65,67562273;65,82893745;65,92039023;65,84941369;65,94137029;65,67930451;65,97061502;66,25733742;66,14471006;66,21605119;66,24159684;66,13419516;65,94432704;65,89495983;65,78559906;65,51451746;65,25010551;65,09410629;64,89606496;64,87350331;64,88039763;64,75151231;64,88082978;64,98196169;64,77148347;65,20689326;65,17375223;64,89946144;64,57316802;64,59080643;64,48654004;65,07397397;65,0650367;65,49131387;65,46733402
Indonesia;IDN;66,365;65,946;66,316;65,625;66,798;66,834;66,87;66,338;66,93;67,222;67,756;67,129;65,977;65,671;65,675;64,399;64,208;66,227;66,373;66,047;66,583;66,913;67,416;66,757;66,624;66,579;66,314;66,694;67,652;68,238;67,401;65,868;67,018;66,966;66,966
IDA only;IDX;65,82462691;65,80561056;65,7387065;65,72272607;65,75382696;65,72531609;65,7554332;65,74268001;65,86531829;65,80194875;65,69615381;65,61990925;65,54220242;65,44393684;65,36021927;65,25801195;65,04772424;64,81491267;64,58660716;64,48705457;64,38897454;64,33990189;63,97624432;63,75000352;63,16609158;62,68426961;62,28793908;62,16336503;62,11004067;61,92235746;61,04108937;61,13988056;61,27032505;62,15069605;62,00921545
Isle of Man;IMN;;;;;;;;;;;;;;;;;;;;;;;;;;;;;;;;;;;
India;IND;57,916;57,95;57,986;58,022;58,063;58,395;58,729;59,065;59,404;59,743;60,079;59,923;59,765;59,606;59,445;59,289;58,345;57,418;56,511;55,628;54,766;54,131;53,509;53,372;53,218;53,044;52,864;52,681;52,487;52,285;51,547;52,522;53,563;54,649;55,565
Not classified;INX;;;;;;;;;;;;;;;;;;;;;;;;;;;;;;;;;;;
Ireland;IRL;60,21;61,017;60,32;60,913;61,448;61,873;63,052;62,535;63,429;63,829;64,427;64,507;64,48;64,341;64,407;65,676;66,09;66,617;65,94;64,083;62,598;61,928;61,589;61,905;61,705;61,779;62,119;61,92;62,142;62,312;61,09;63,625;64,529;65,131;65,19
Iran, Islamic Rep.;IRN;47,134;46,781;46,307;45,796;45,226;44,599;43,931;43,932;43,95;44,012;44,133;44,327;44,572;44,959;45,506;46,119;45,293;44,433;42,271;43,032;42,296;40,616;41,768;41,15;40,889;41,941;43,165;44,235;44,39;44,027;41,359;41,043;40,726;40,543;40,235
Iraq;IRQ;42,869;42,814;42,579;42,548;42,519;42,451;42,41;42,26;42,205;42,151;42,096;42,041;41,987;41,932;41,878;41,823;41,769;41,714;41,569;41,423;41,278;41,133;40,988;41,956;42,93;43,04;43,15;41,89;41,744;41,487;39,704;39,663;41,177;41,21;41,125
Iceland;ISL;72,694;72,657;73,165;72,83;73,094;75,583;74,295;73,437;74,916;76,173;77,764;77,678;76,613;77,121;76,211;75,633;76,793;77,069;76,317;74,705;74,557;74,068;74,158;74,78;75,847;76,556;77,303;76,777;75,863;75,577;73,512;73,413;74,468;74,748;74,667
Israel;ISR;58,823;59,019;59,487;60,885;61,718;62,124;61,434;61,025;60,445;60,772;61,353;61,334;60,562;60,879;61,369;61,799;62,222;62,772;62,811;62,874;63,257;63,036;65,26;65,111;65,62;65,55;65,635;65,491;65,432;64,996;63,406;63,319;64,738;64,945;65,048
Italy;ITA;50,073;50,334;48,522;47,988;47,242;46,868;47,275;47,296;47,566;47,798;47,818;47,883;48,244;48,624;49,489;48,916;48,88;48,578;48,921;48,283;47,994;47,882;48,809;48,494;48,732;48,621;49,164;49,501;49,601;49,586;48,254;48,443;49,034;49,8;49,697
Jamaica;JAM;71,238;70,891;70,555;70,204;69,816;69,396;68,947;68,464;67,968;67,235;66,669;66,113;65,761;65,4;65,361;65,177;64,939;64,67;64,384;62,175;60,491;60,816;60,731;61,843;62,549;65,496;64,921;65,674;65,484;66,968;64,834;65,694;67,655;67,891;68,028
Jordan;JOR;39,053;39,484;39,261;39,409;39,494;39,465;39,539;39,517;39,494;39,46;39,4;38,8;38,4;37,4;37,849;38,3;37,7;39,8;39,5;40,1;39,5;39;38;37,1;36,4;37,659;38,935;40,226;39,176;39,242;39,947;38,67;38,555;38,54;38,451
Japan;JPN;63,392;63,794;63,989;63,809;63,609;63,419;63,488;63,674;63,329;62,847;62,443;61,993;61,234;60,766;60,42;60,418;60,423;60,395;60,155;59,864;59,579;59,249;59,012;59,245;59,443;59,499;59,986;60,444;61,446;62,008;61,947;62,124;62,5;62,9;63,191
Kazakhstan;KAZ;70,586;70,774;70,732;70,742;70,862;70,88;70,705;70,613;70,76;70,861;70,763;70,484;70,201;69,843;69,316;69,513;69,765;70,131;70,646;71,01;71,387;71,77;72,099;72,39;72,592;72,663;72,667;72,696;72,708;72,714;71,216;71,918;71,828;71,353;70,72
Kenya;KEN;73,149;73,078;73,004;72,921;72,832;72,742;72,658;72,572;72,487;72,391;72,512;72,633;72,753;72,874;72,993;73,113;73,232;73,351;73,469;73,588;73,705;73,823;73,94;74,057;74,173;74,289;74,405;72,305;70,103;67,803;67,039;67,462;67,191;66,977;66,716
Kyrgyz Republic;KGZ;69,283;69,969;71,156;72,494;74,41;74,998;74,517;73,814;73,765;73,583;73,232;72,875;72,953;72,476;72,022;72,127;71,968;71,395;70,85;70,727;70,852;70,102;67,567;65,745;64,805;65,198;64,855;63,222;64,134;64,253;64,743;64,956;65,392;65,451;65,412
Cambodia;KHM;80,195;80,148;80,122;80,139;80,744;80,658;80,616;80,594;80,561;80,432;80,429;80,426;80,423;80,42;80,624;80,826;81,027;81,226;78,939;82,016;84,751;85,439;82,988;80,219;80,293;79,603;81,735;81,409;81,916;82,426;82,238;79,51;80,017;79,987;79,975
Kiribati;KIR;;;;;;;;;;;;;;;;;;;;;;;;;;;;;;;;;;;
St. Kitts and Nevis;KNA;;;;;;;;;;;;;;;;;;;;;;;;;;;;;;;;;;;
Korea, Rep.;KOR;59,379;60,107;60,394;60,411;61,13;61,46;61,669;62,022;60,213;60,179;60,754;61,11;61,617;61,113;61,816;61,558;61,463;61,317;60,813;60,225;60,334;60,636;60,928;61,194;62,277;62,58;62,626;62,911;62,757;62,994;62,274;62,55;63,794;64,266;64,201
Kuwait;KWT;64,825;63,982;63,296;63,817;65,85;67,251;67,322;66,798;66,338;66,027;65,932;66,088;66,499;67,133;67,927;68,302;68,084;67,887;67,937;68,218;68,7;69,701;70,724;71,329;71,845;72,324;72,704;73,217;73,439;73,368;68,715;70,168;74,301;74,07;73,815
Latin America & Caribbean (excluding high income);LAC;62,17371581;62,28420063;62,56424138;62,94031269;63,19676057;63,40599108;62,8758333;63,67487448;63,83052301;63,85681455;63,70927671;63,76224003;63,88710732;64,14373963;64,59690279;64,89509787;65,03392302;64,85392023;64,71406701;64,99153659;64,41173711;63,98566902;64,12419118;63,84900647;63,5412478;63,70942117;63,67510752;63,83279362;63,95461121;64,24674333;60,12159851;62,63773712;63,51174803;63,37701934;63,27501116
Lao PDR;LAO;62,841;62,81;62,753;62,686;62,57;62,475;62,378;62,276;62,231;62,112;62,023;61,933;61,838;61,737;61,627;61,502;61,347;61,213;61,072;60,937;60,778;60,627;60,476;60,322;60,177;60,039;59,909;59,782;60,96;62,152;62,838;64,311;66,001;65,977;66,098
Lebanon;LBN;45,008;44,972;44,474;44,206;44,041;43,948;43,702;43,811;43,826;43,991;44,084;44,083;44,088;44,105;44,02;43,813;43,606;43,4;43,854;44,308;44,764;45,22;45,677;46,135;46,594;47,053;47,513;47,973;48,433;48,894;45,219;45,813;45,828;45,827;
Liberia;LBR;77,418;77,434;77,405;77,37;77,327;77,282;77,243;77,209;77,183;77,16;77,14;77,122;77,11;77,107;77,111;77,124;77,145;77,169;77,168;77,158;77,152;77,045;76,969;76,992;76,994;76,972;76,937;76,902;76,856;76,793;76,063;76,316;76,798;76,834;76,808
Libya;LBY;45,171;45,209;45,257;45,321;45,411;45,532;45,691;45,883;46,116;46,382;46,445;46,338;46,314;46,365;46,467;46,593;46,929;47,434;47,908;48,37;48,819;49,045;49,153;49,323;49,416;49,43;49,412;49,38;49,34;49,281;48,621;48,995;48,773;48,546;48,246
St. Lucia;LCA;63,058;63,02;63,134;63,247;63,361;63,474;63,587;63,7;63,813;63,925;64,038;64,15;64,447;64,743;65,038;65,332;65,625;65,916;66,207;66,496;66,783;67,07;69,03;69,25;69,28;69,31;69,339;69,369;69,88;68,799;53,739;65,5;69,156;69,259;69,111
Latin America & Caribbean;LCN;61,64485797;61,81611005;62,11604199;62,48721455;62,73520889;62,97375387;62,5214478;63,27009969;63,43114499;63,41912309;63,2587576;63,30744522;63,35894212;63,57681342;64,04368805;64,37713402;64,56919823;64,41660842;64,32345413;64,52849874;64,04814587;63,70332289;63,84127167;63,57510925;63,30001365;63,41400903;63,34122159;63,45138636;63,5346655;63,68921112;59,58755368;61,88024796;62,80895462;62,70010129;62,59019406
Least developed countries: UN classification;LDC;66,51313853;66,58829216;66,61771716;66,59559981;66,63261494;66,70620446;66,72964918;66,72996095;66,73261279;66,71192762;66,66994197;66,63565483;66,59465834;66,53352887;66,48268127;66,41530476;66,25729259;66,10816272;65,90173311;65,80651001;65,70699806;65,67723629;65,41354763;65,10625673;64,40502082;63,77787552;63,35470603;63,22628512;63,22398244;63,06290188;62,25501908;62,406327;62,54597839;63,64717707;63,54189143
Low income;LIC;68,74994799;68,79265649;68,74426009;68,57457089;68,45423384;68,45121891;68,42433169;68,35120109;68,27204848;68,19432623;68,09094034;67,89875434;67,66609071;67,4220508;67,20077877;66,94182088;66,48210705;65,98236946;65,5560249;65,20015704;64,85271835;65,02083875;64,60846835;64,37750304;63,59520072;62,88022855;62,41935792;61,90207287;61,80374163;61,6260304;60,59776086;60,78781723;60,85592581;62,99128328;62,59430867
Liechtenstein;LIE;;;;;;;;;;;;;;;;;;;;;;;;;;;;;;;;;;;
Sri Lanka;LKA;61,45;59,057;56,62;56,72;57,04;54,88;55,4;55,24;58,82;57,31;55,57;55,343;55,117;54,89;54,662;54,435;54,207;53,979;53,751;53,523;53,295;52,867;52,57;52,053;51,599;53,669;53,725;53,991;51,721;52,249;50,495;49,836;49,727;49,833;49,737
Lower middle income;LMC;60,4718747;60,4978966;60,52311797;60,56531887;60,64739125;60,73157327;60,92690174;61,09877124;61,24829457;61,43972879;61,50169002;61,40232286;61,19180652;61,10909317;61,04268227;60,95621385;60,45852178;60,00386588;59,49624014;59,10273701;58,73484134;58,35339317;57,9526984;57,86449382;57,71277839;57,6193171;57,46797449;57,25701416;57,1071346;56,98979093;56,19565417;56,981584;57,76344795;58,3815358;58,84068028
Low & middle income;LMY;67,07182573;66,89300077;66,74299932;66,51114981;66,46459395;66,32471172;66,15120293;66,0630952;65,95954976;65,83753534;65,63834703;65,43640829;65,16865667;64,99635823;64,85066143;64,6619622;64,29147917;64,02400773;63,62891851;63,33826473;62,95333437;62,75564565;62,45941438;62,16997043;61,90317971;61,74850887;61,52133;61,27546679;61,08756527;60,92705985;59,52080707;60,34248914;60,59364572;61,0141087;61,05093962
Lesotho;LSO;73,863;73,857;73,822;73,757;73,664;73,552;73,433;73,289;73,111;72,92;72,408;71,89;71,366;70,836;70,301;69,759;69,213;68,661;68,103;67,541;66,973;66,4;65,822;65,24;64,017;62,776;61,517;60,243;58,955;57,655;57,107;57,022;58,177;58,097;57,767
Late-demographic dividend;LTE;74,17673515;73,85297069;73,50646912;73,05612963;72,6049322;72,26590028;71,73360524;71,3419304;70,93192159;70,80955515;70,44760294;70,21658047;70,03843585;69,80316345;69,64829196;69,53924228;69,31712131;69,15931505;69,03224011;68,8900525;68,60509512;68,54677073;68,2540285;67,91080075;67,72021008;67,54145688;67,2367699;66,89327279;66,57001893;66,24544637;64,68202155;65,62329349;64,9977682;64,92985462;64,59623424
Lithuania;LTU;66,837;66,145;65,409;64,643;63,923;63,253;62,55;61,784;60,992;61,186;60,184;58,784;58,023;59,974;57,008;56,157;55,137;55,423;55,787;56,536;56,629;57,404;57,746;57,991;58,935;59,15;60,305;60,612;61,544;62,069;62,658;62,301;62,747;62,886;62,831
Luxembourg;LUX;50,796;52,091;52,959;52,362;52,232;50,433;51,078;51,355;51,563;52,383;53,485;53,383;54,366;53,639;54,645;55,407;55,45;55,519;55,587;57,457;57,054;56,887;58,202;58,529;58,978;59,869;59,209;58,835;59,371;60,102;60,103;61,482;60,942;61,524;61,312
Latvia;LVA;61,18;60,989;60,535;60,382;59,928;59,601;59,312;59,223;59,02;57,697;56,151;56,497;57,761;56,898;57,196;57,199;58,948;60,199;61,513;60,074;58,818;58,497;59,677;59,311;59,234;60,036;60,348;60,786;61,339;61,087;61,566;60,076;60,935;60,985;60,613
Macao SAR, China;MAC;57,531;57,992;58,244;60,171;61,834;63,287;64,55;65,63;65,415;65,717;65,52;64,912;64,133;61,701;62,704;63,911;65,85;68,597;69,757;69,968;69,986;70,867;70,739;70,859;71,403;70,961;70,062;69,814;70,009;69,603;68,495;69,43;68,018;64,953;64,606
St. Martin (French part);MAF;;;;;;;;;;;;;;;;;;;;;;;;;;;;;;;;;;;
Morocco;MAR;51,34;51,145;51,441;51,666;51,311;51,796;51,349;51,609;51,407;51,482;51,505;51,27;50,69;50,673;50,657;50,64;50,623;50,607;50,59;50,1;49,61;49,16;48,41;48,31;48,06;47,47;46,55;45,5;45,76;46,025;44,609;45,3;44,3;44,275;44,051
Monaco;MCO;;;;;;;;;;;;;;;;;;;;;;;;;;;;;;;;;;;
Moldova;MDA;59,212;59,383;59,516;59,584;59,649;59,636;59,767;59,717;59,887;59,971;59,912;57,946;57,225;57,248;55,113;54,815;58,093;58,846;59,587;60,685;63,371;64,395;64,787;65,249;69,265;70,215;69,907;68,331;67,053;69,332;69,68;72,51;72,531;70,654;70,851
Madagascar;MDG;86,209;86,198;86,147;86,1;86,084;86,083;86,111;86,154;86,209;86,263;86,311;86,352;86,509;86,512;86,521;86,503;86,533;86,548;86,547;86,529;86,492;86,434;86,357;86,268;86,16;86,042;85,816;85,619;85,457;85,314;84,479;84,964;85,102;85,07;85,079
Maldives;MDV;49,52;49,878;50,236;50,594;50,952;51,31;52,01;52,709;53,408;54,105;54,8;54,501;54,202;53,902;53,602;53,302;53,001;52,701;52,4;52,099;53,029;53,957;54,883;55,805;56,723;57,637;58,545;60,267;61,964;63,632;62,769;64,192;63,585;63,414;63,702
Middle East, North Africa, Afghanistan & Pakistan;MEA;48,32027306;48,36139288;48,36991922;48,29351862;48,30966459;47,83456024;47,8491623;47,98315503;47,77849767;48,09084095;47,98498228;47,68947881;47,33249886;47,51725891;47,73985658;47,84742006;47,77169484;47,83689072;47,51993125;47,82953413;48,14318955;47,84029369;48,02939683;48,13578853;48,04179354;48,26591718;48,37269538;48,013086;47,62745175;47,58532243;46,56573974;47,02034037;47,04686628;47,05295822;46,95144008
Mexico;MEX;58,112;58,205;58,714;59,289;59,327;59,402;59,465;60,786;60,477;59,701;59,573;58,937;58,457;58,815;59,375;60,12;60,875;60,921;60,638;60,556;60,391;60,526;61,221;61,033;60,476;60,552;60,427;60,209;60,429;61,12;56,426;59,925;60,946;61,743;61,707
Marshall Islands;MHL;;;;;;;;;;;;;;;;;;;;;;;;;;;;;;;;;;;
Middle income;MIC;66,97873983;66,78763377;66,63142805;66,39516719;66,3519895;66,20359509;66,02119029;65,93189707;65,82630166;65,70078043;65,49523628;65,29186052;65,02073174;64,85124904;64,70875983;64,52291221;64,15614849;63,901254;63,50645887;63,21833566;62,82926297;62,60557833;62,31526247;62,02044413;61,78748963;61,67024185;61,45830955;61,23075093;61,03550166;60,87522762;59,43937577;60,30817605;60,57288029;60,8678203;60,93674294
North Macedonia;MKD;56,22;56,275;55,81;55,349;54,848;54,381;54,005;53,788;53,171;52,587;52,742;52,908;53,026;53,483;53,365;53,274;53,25;54,281;54,701;54,701;53,189;54,525;54,271;54,665;54,613;54,003;53,44;53,157;52,796;53,023;52,107;51,617;52,925;52,589;52,272
Mali;MLI;70,264;70,305;70,339;70,357;70,359;70,347;70,327;70,303;70,267;70,227;70,192;70,159;70,132;70,119;70,12;70,142;70,174;70,209;70,251;70,301;70,36;70,424;70,517;70,592;70,617;70,561;69,865;69,159;69,122;69,065;65,916;68,429;69,329;69,256;69,226
Malta;MLT;49,836;49,769;49,824;49,878;49,831;49,807;50,009;50,178;50,225;50,191;49,671;50,199;50,008;49,724;48,293;48,686;48,819;49,561;49,688;49,803;50,412;51,155;52,326;53,733;54,743;55,634;56,195;57,309;59,443;60,842;61,889;62,768;63,696;63,618;63,693
Myanmar;MMR;68,837;68,877;68,726;68,639;68,524;68,417;68,319;68,235;68,146;67,961;67,721;67,521;67,305;67,052;66,798;66,54;66,286;66,051;65,844;65,629;65,436;65,329;65,184;65,014;64,853;64,711;63,377;62,023;62,361;60,502;60,151;55,191;55,153;55,225;55,123
Middle East, North Africa, Afghanistan & Pakistan (excluding high income);MNA;47,67262921;47,72629348;47,6993092;47,58554495;47,58433003;47,07294191;47,10875537;47,27207309;47,07223852;47,40840881;47,24658355;46,93492991;46,55621279;46,73160541;46,94556923;47,02553292;46,88171864;46,86011077;46,42467971;46,70032346;46,94206458;46,47621312;46,47544736;46,42930825;46,19012081;46,28327655;46,27630905;45,95106021;45,5285645;45,42854164;44,34852228;44,89035199;44,76238916;44,69020987;44,50564284
Montenegro;MNE;50,654;50,561;50,439;50,287;50,014;49,716;49,477;49,293;49,103;49,111;48,964;48,856;48,677;48,456;48,272;48,163;48,112;48,165;48,279;48,221;48,247;48,268;49,437;49,42;51,638;52,374;52,747;52,64;53,566;54,558;50,373;48,102;48,355;48,275;48,025
Mongolia;MNG;57,403;58,101;58,827;59,233;59,368;59,305;59,441;59,508;59,603;59,707;59,874;59,931;59,891;59,738;59,576;59,438;59,32;59,237;58,454;58,679;58,809;59,805;59,654;59,498;59,644;59,674;58,397;59,139;59,747;64,305;61,967;60,196;61,655;61,145;60,631
Northern Mariana Islands;MNP;;;;;;;;;;;;;;;;;;;;;;;;;;;;;;;;;;;
Mozambique;MOZ;84,115;84,103;84,09;84,067;84,029;83,986;83,949;83,94;84,305;84,663;85,015;85,36;85,698;86,03;85,532;85,02;84,493;83,951;83,393;82,82;82,232;81,628;81,008;80,372;79,721;79,053;79,033;79,011;78,992;78,975;78,225;78,217;79,118;78,977;78,91
Mauritania;MRT;46,48;46,432;46,384;46,336;46,288;46,24;46,192;46,144;46,096;46,048;46;45,795;45,59;45,385;45,181;44,977;44,772;44,568;44,364;44,161;43,957;43,754;43,551;43,058;42,567;42,077;41,589;41,102;41,073;41,03;40,64;40,722;41,114;40,967;40,853
Mauritius;MUS;60,393;60,299;60,169;60,041;59,909;59,753;59,586;59,424;59,248;59,049;58,842;57,566;58,257;60,519;58,85;59,266;59,024;58,208;58,305;58,433;59,203;58,426;58,69;59,708;59,973;60,342;59,658;59,887;59,274;59,746;56,053;53,066;56,07;55,653;55,443
Malawi;MWI;80,617;80,679;80,737;80,786;80,822;80,843;80,85;80,855;80,868;80,869;80,85;80,837;80,828;80,817;80,809;80,81;79,691;78,524;77,309;76,046;74,737;73,38;72,466;71,534;70,582;69,612;68,625;67,62;67,498;67,365;68,27;67,05;67,314;67,298;66,991
Malaysia;MYS;62,598;62,574;62,561;62,539;62,535;62,54;62,56;62,62;62,834;62,871;62,797;62,688;62,486;62,284;62,086;61,932;61,818;61,749;61,743;61,833;61,87;61,927;62,942;63,953;64,951;65,173;65,078;65,189;65,561;65,858;65,486;65,658;65,675;65,659;65,672
North America;NAC;65,44003099;65,12383075;65,25694249;65,11484637;65,40204998;65,48315093;65,61804128;65,91753182;65,87547265;65,95825126;66,06026465;65,81675437;65,66667383;65,41100961;65,20896039;65,21938864;65,34274381;65,20893216;65,217534;64,63205951;64,03951125;63,57731707;63,46505246;63,12777264;62,81631208;62,64039196;62,76240132;62,88443993;62,89967238;63,15955211;61,8246522;61,89243964;62,16363849;62,43758586;62,30796839
Namibia;NAM;55,126;55,1;55,095;55,089;55,08;54,554;54,028;53,5;53,71;53,92;54,13;54,416;54,701;54,986;55,27;55,554;55,838;56,122;56,405;56,688;56,97;57,252;57,533;61,701;60,825;60,639;60,453;59,668;58,879;58,936;57,885;58,308;59,132;59,224;59,224
New Caledonia;NCL;64,923;64,979;65,157;65,338;65,47;65,54;65,705;65,793;65,909;65,923;65,892;65,829;65,701;65,517;65,316;65,099;64,916;64,806;64,697;64,548;64,367;64,238;64,14;64,036;63,898;62,693;61,452;60,205;58,938;57,647;57,678;57,676;57,592;57,241;56,782
Niger;NER;78,734;78,719;78,707;78,697;78,69;78,686;78,697;78,729;78,772;78,824;78,883;78,946;79,014;79,085;79,157;79,228;79,296;79,358;79,413;79,459;79,495;79,516;77,65;75,665;73,565;73,435;73,305;73,174;73,043;72,911;72,218;72,293;72,651;72,762;72,643
Nigeria;NGA;83,214;83,305;83,222;83,413;83,593;83,699;83,635;83,62;83,619;83,698;83,605;83,479;83;82,815;82,553;82,4;82,263;82,103;81,935;81,713;81,491;81,383;81,32;81,149;80,989;80,985;81,175;81,253;81,28;81,292;81,484;81,431;81,394;82,64;82,587
Nicaragua;NIC;57,998;57,898;57,823;57,719;57,764;57,91;58,45;58,966;59,48;59,832;60,183;60,533;60,881;61,229;61,575;61,921;62,265;62,608;62,949;63,29;63,629;63,966;64,303;64,638;64,971;65,108;65,236;65,367;65,164;64,981;64,363;65,343;65,306;65,443;65,447
Netherlands;NLD;66,708;66,802;67,004;67,077;67,093;67,052;67,167;67,312;67,475;67,704;67,952;68,099;68,043;67,871;67,62;67,377;67,323;67,29;67,261;66,951;66,62;66,48;66,84;66,761;66,166;66,442;66,243;66,073;66,311;66,618;66,442;66,427;67,105;67,574;67,462
Norway;NOR;61,601;61,925;62,255;62,665;63,132;63,594;64,173;64,757;65,29;65,724;66,068;66,321;66,517;66,603;66,781;66,95;67,178;67,378;67,379;67,07;66,377;66,182;66,085;65,936;65,517;65,782;65,555;64,767;64,835;65,132;65,003;65,502;65,752;65,211;65,141
Nepal;NPL;41,643;41,631;41,644;41,643;41,616;41,581;41,537;41,503;41,477;41,453;41,431;41,411;41,392;41,373;41,357;41,316;41,243;41,159;41,082;41,021;40,977;40,899;40,747;40,546;40,359;40,237;40,103;39,915;39,742;39,799;39,421;39,563;39,799;39,799;39,749
Nauru;NRU;;;;;;;;;;;;;;;;;;;;;;;;;;;;;;;;;;;
New Zealand;NZL;63,49;63,425;62,942;62,867;63,68;64,312;65,154;65,005;64,576;64,657;64,765;65,34;66,044;65,83;66,43;67,194;67,742;68,01;67,968;67,746;67,541;67,902;67,641;67,406;68,309;68,399;69,546;70,48;70,506;70,174;69,863;70,396;70,933;71,511;71,471
OECD members;OED;60,52556824;60,59772562;60,47173909;60,16083862;60,31934623;60,2524346;60,33919599;60,49306856;60,39999546;60,37552505;60,2810229;60,06903914;59,96247234;59,91089742;59,78691249;59,96924201;60,13324211;60,10853881;60,19039467;60,08490447;59,9516743;59,92328713;60,07771964;60,03254739;59,95361951;59,97588105;60,11820185;60,28507416;60,45897536;60,6355892;59,24288465;59,90780948;60,42301602;60,73954244;60,68065624
Oman;OMN;56,141;57,141;57,973;58,749;58,835;58,237;57,733;57,158;56,769;56,529;56,107;55,845;55,901;56,09;56,232;56,349;56,638;57,122;57,791;58,617;59,667;62,74;66,059;67,733;68,566;69,362;70,206;70,602;70,401;69,645;65,442;65,392;67,709;67,821;67,791
Other small states;OSS;59,51683717;59,13194227;58,63580471;58,30616969;58,29271473;58,11069828;57,87700901;57,79481036;57,48852178;57,03966654;56,8028271;56,58983281;56,43875631;57,12443977;56,80844124;56,7813071;57,08332826;57,01007201;56,98752708;56,78300661;56,91584813;56,82829633;56,80655111;57,05906217;57,15723378;57,38914678;57,43498739;57,66347642;57,78925758;58,20755019;57,21187382;57,08775113;57,7021896;57,78880402;57,69343787
Pakistan;PAK;49,35;49,68;49,68;49,2;49,15;48,36;49,24;50,12;49,95;50,18;50,41;50,43;50,45;50,59;50,73;50,381;50,032;50,045;50,084;50,535;50,997;50,775;51,113;51,451;50,997;52,026;51,682;51,338;50,994;51,597;51,644;52,73;52,549;52,573;52,576
Panama;PAN;54,47;57,824;59,007;60,147;60,5;61,311;61,472;61,624;62,849;62,667;62,998;63,323;63,642;63,798;64,389;64,54;63,712;64,085;65,656;63,521;64,878;63,006;64,957;65,744;65,698;65,651;66,186;65,872;67,571;68,511;66,4;62,8;66,316;65,144;65,04
Peru;PER;59,12;59,126;58,9;59,844;60,78;62,92;64,317;65,69;66,85;68,16;65,78;68,79;69,905;70,997;72,065;73,109;76,14;78,228;78,223;78,577;79,241;78,652;78,459;77,863;77,065;75,903;75,377;76,996;77,179;77,362;68,924;71,93;74,473;72,686;72,716
Philippines;PHL;61,388;61,453;61,498;61,502;61,458;61,408;61,332;61,272;61,34;61,317;61,269;61,249;61,212;61,143;61,524;61,589;61,418;61,259;61,065;61,435;61,434;62,23;61,733;61,446;62,171;61,405;61,59;59,141;58,981;59,444;54,746;56,471;61,439;61,388;61,009
Palau;PLW;;;;;;;;;;;;;;;;;;;;;;;;;;;;;;;;;;;
Papua New Guinea;PNG;72,599;72,438;72,18;71,818;71,759;71,954;71,847;72,057;72,261;72,306;72,47;70,36;68,158;65,873;63,511;61,083;58,598;56,069;53,508;50,928;48,343;48,706;49,003;49,313;49,451;49,705;49,977;50,283;50,662;50,947;50,788;51,374;51,989;51,979;52,028
Poland;POL;61,245;61,249;61,011;60,395;59,726;58,679;58,089;57,215;56,743;56,127;56,481;56,557;55,394;54,77;54,342;54,914;53,968;53,733;54,275;55,008;55,816;56,06;56,442;56,561;56,976;56,859;57,057;57,327;57,313;57,245;57,169;58,317;58,564;58,884;58,585
Pre-demographic dividend;PRE;72,69350777;72,77990563;72,73796406;72,66889222;72,62234685;72,62743883;72,59422612;72,54455568;72,49814474;72,46174046;72,4151518;72,35680975;72,20375737;72,09804576;71,98616334;71,87702944;71,69602396;71,49476935;71,18638523;70,84716532;70,5150786;70,51855268;70,31484983;70,07943499;69,49459457;69,18718433;69,00335508;68,41064458;68,20881141;68,01055127;67,11440211;67,6072373;67,61682485;69,36064911;69,20711356
Puerto Rico (US);PRI;44,59;45,64;45,57;47,12;46,61;46,1;46,88;47,7;47,55;47,33;45,94;46,07;46,2;46,71;46,67;47,7;47,23;46,13;44,8;43,2;41,9;40,5;40,38;40,26;40,14;40,02;40,1;40;40,5;40,9;40,6;39,471;40,845;40,766;40,681
Korea, Dem. People's Rep.;PRK;81,332;81,454;81,634;81,758;81,831;81,947;82,036;82,189;82,224;82,122;82,127;82,066;82,053;82,029;82,001;81,94;81,972;82,006;81,954;81,981;81,999;81,991;81,974;81,961;81,95;81,984;81,918;81,999;82,094;82,096;80,847;80,897;82,111;82,107;82,118
Portugal;PRT;59,718;60,979;58,955;58,554;58,506;58,26;58,499;59,144;60,568;60,645;60,798;61,45;62,016;61,983;61,505;61,843;62,047;62,178;62,002;61,304;61,201;60,496;60,132;59,274;58,778;58,536;58,371;58,827;58,952;59,013;57,579;57,32;58,117;58,766;58,555
Paraguay;PRY;69,116;69,198;69,104;69,345;69,628;70,064;69,987;70,185;69,969;69,613;69,167;68,902;68,749;67,598;71,373;70,279;67,047;68,816;69,302;69,623;67,738;67,917;71,277;69,867;67,955;67,926;69,966;71,039;71,868;72,392;70,117;71,919;70,58;70,751;70,778
West Bank and Gaza;PSE;41,163;41,083;40,815;40,767;40,728;40,604;40,797;40,359;39,86;39,643;40,254;36,626;35,907;38,759;38,222;38,642;38,63;39,918;39,376;39,53;39,997;41,362;41,679;41,801;42,118;43,967;43,769;44,004;43,452;44,271;40,936;43,367;44,991;;
Pacific island small states;PSS;65,53863356;65,75310223;65,77843421;65,89424673;65,96456547;65,95023086;65,97964054;66,02602866;66,04565166;66,08090782;66,21608642;66,29292997;66,33244143;66,26957981;66,207053;65,46162514;66,03255441;66,31074345;66,51989617;66,74049646;66,87466811;67,37170107;66,77839065;66,1597514;65,58471118;65,35787291;65,08586749;65,0986924;64,95052478;64,81767153;64,0825781;64,15616192;64,69714806;64,74290231;64,71404117
Post-demographic dividend;PST;60,514004;60,55324686;60,41630316;60,20452408;60,25885891;60,20903067;60,32942641;60,48200422;60,3951354;60,46951461;60,50771039;60,34119545;60,35180174;60,3045847;60,27587825;60,41953361;60,6084627;60,6330594;60,69311032;60,43241598;60,18193667;60,03179143;60,09595593;60,04862484;60,0296895;60,02080729;60,16960432;60,34389044;60,51890505;60,72070574;59,85895717;60,05077674;60,68438199;60,91717241;60,8272384
French Polynesia;PYF;58,553;58,644;58,891;59,141;59,384;59,533;59,625;59,413;59,16;58,873;58,565;58,229;57,882;57,512;57,096;56,726;56,407;56,076;56,075;56,106;56,156;56,212;56,264;56,168;56,054;55,92;55,761;55,542;55,253;54,918;53,984;53,781;53,371;52,789;52,222
Qatar;QAT;83,027;83,09;82,815;82,935;82,989;83,111;83,118;82,403;82,188;82,271;82,311;82,515;82,647;82,925;82,213;82,493;83,841;85,327;86,094;86,492;86,559;86,455;86,27;86,296;86,747;87,274;87,475;87,498;87,503;87,433;87,105;86,363;87,575;87,55;87,468
Romania;ROU;50,154;50,198;50,424;50,528;50,501;50,354;50,299;50,55;50,78;50,963;51,047;50,97;50,876;50,908;50,809;50,77;50,794;50,865;51,003;47,321;50,401;50,047;50,173;50,205;50,631;51,358;51,026;51,914;51,903;52,073;52,028;52,472;52,603;51,642;51,411
Russian Federation;RUS;66,966;66,559;65,892;63,876;61,922;61,463;60,44;59,098;58,172;61,304;61,316;59,99;60,331;60,013;60,598;60,933;61,238;62,027;62,544;62,664;62,681;62,962;62,987;62,89;62,875;62,75;62,912;62,523;62,484;61,73;61,422;62,005;61,936;61,689;61,075
Rwanda;RWA;63,445;63,433;63,353;63,253;63,834;64,618;64,292;63,969;63,537;63,033;62,555;62,13;61,808;61,6;61,463;61,373;61,322;61,293;61,263;61,213;61,139;61,05;60,958;60,869;60,781;60,688;60,581;60,461;60,378;58,451;62,66;58,197;60,164;63,664;63,504
South Asia;SAS;57,5516955;57,55284847;57,55565904;57,6032016;57,66038698;57,92391681;58,23716475;58,5394461;58,90917557;59,18644882;59,45498232;59,32421945;59,18758854;59,04762212;58,90510303;58,76586818;57,94625166;57,15709838;56,38360227;55,6294586;54,89191863;54,28754425;53,69518404;53,52131546;53,34187964;53,18383269;52,9907711;53,05875396;52,91535111;52,80412203;52,1592032;53,12673684;54,09994591;55,03926056;55,85503221
Saudi Arabia;SAU;51,692;51,294;51,363;50,989;50,57;50,129;49,655;49,176;48,679;48,221;48,995;48,37;47,976;47,891;47,913;48,06;48,347;48,649;49,135;49,582;51,426;53,37;55,395;57,152;58,409;59,749;60,685;58,99;59,418;61,203;62,414;63,512;63,801;63,849;63,84
Sudan;SDN;50,069;50,279;50,51;50,763;51,063;51,397;51,774;51,593;51,362;51,107;50,838;50,558;50,272;49,992;49,704;49,404;49,112;48,81;48,463;48,694;48,742;48,786;47,886;46,849;45,726;44,615;43,498;42,392;41,359;40,398;39,13;38,182;37,523;;
Senegal;SEN;51,449;51,349;51,237;51,117;50,998;50,885;50,778;50,68;50,589;50,504;50,425;50,35;50,246;50,15;50,093;50,043;50;49,497;48,994;48,492;47,989;47,487;46,986;46,485;45,985;45,486;50,116;46,002;48,353;50,712;50,23;50,732;50,398;50,29;50,389
Singapore;SGP;61,433;61,943;62,376;62,732;63,224;63,871;64,362;64,86;65,173;65,265;65,365;65,461;64,622;64,698;64,569;65,197;66,08;65,497;66,615;66,57;67,37;67,376;67,943;67,768;68,556;69,53;69,244;68,943;68,581;68,986;68,712;70,686;69,734;69,373;69,818
Solomon Islands;SLB;83,478;83,337;82,961;82,93;82,753;82,518;82,629;82,852;82,988;83,192;83,976;84,47;84,752;84,696;84,603;84,527;84,565;84,62;84,583;84,651;84,46;84,319;84,345;84,273;84,33;84,354;84,23;84,175;84,125;84,124;83,331;83,516;84,39;84,356;84,37
Sierra Leone;SLE;64,271;64,3;64,333;64,367;64,401;64,436;64,47;64,501;64,534;64,578;64,613;64,629;64,639;64,64;66,11;65,234;64,348;63,452;62,547;61,632;60,71;59,779;58,842;57,898;56,948;56,193;55,435;54,675;53,912;53,782;53,271;53,512;53,868;53,787;53,516
El Salvador;SLV;61,539;61,528;61,714;62,565;63,397;62,371;60,814;60,51;62,631;62,129;61,538;60,947;60,35;61,766;60,242;60,6;60,921;61,389;60,924;60,421;59,889;59,579;60,197;60,524;59,397;58,688;59,261;59,006;58,729;59,887;56,752;59,173;60,08;60,48;60,646
San Marino;SMR;;;;;;;;;;;;;;;;;;;;;;;;;;;;;;;;;;;
Somalia, Fed. Rep.;SOM;33,988;33,971;33,818;33,774;33,835;33,891;33,941;33,985;34,027;34,066;34,102;34,137;34,173;34,214;34,275;34,375;34,508;34,606;34,621;34,59;34,546;34,417;34,286;34,245;34,217;34,19;34,163;34,121;34,071;34,03;33,707;33,729;33,906;33,9;33,878
Serbia;SRB;58,103;57,911;57,635;57,382;56,92;56,395;55,865;55,351;55,087;55,509;55,191;54,88;54,594;54,349;53,952;53,663;53,403;53,503;52,792;50,961;49,653;49,749;50,154;51,154;51,602;51,222;52,972;53,555;53,962;54,063;53,373;56,736;57,637;57,229;57,215
Sub-Saharan Africa (excluding high income);SSA;73,12929831;73,17017965;73,18091974;73,18643348;73,24196751;73,31718227;73,28391181;73,22013283;73,14370744;73,07764365;72,98696293;72,88584937;72,74099062;72,65389638;72,53844404;72,4409858;72,25914332;72,02841838;71,74683788;71,34241092;70,74264498;70,9420314;70,78581599;70,59811827;70,02467209;69,86162903;69,69429276;69,24417741;69,04865154;68,90963234;67,9483407;68,45997565;68,62914406;70,48101352;70,36200951
South Sudan;SSD;74,451;74,457;74,483;74,53;74,551;74,567;74,605;74,621;74,56;74,488;74,464;74,474;74,531;74,586;74,546;74,426;74,286;74,136;73,992;73,874;73,699;73,524;73,451;73,435;73,609;73,786;73,974;74,342;74,303;73,922;73,219;73,489;73,74;73,712;
Sub-Saharan Africa;SSF;73,90505621;73,95373193;73,97467765;73,98581783;74,04216251;74,11636099;74,09254345;74,04067004;73,97491616;73,9178157;73,83797686;73,74800359;73,61820391;73,54034476;73,43653057;73,34889593;73,17991753;72,96784554;72,71033738;72,34264356;71,80011728;71,97937887;71,83823534;71,66796741;70,9943221;70,68779716;70,37614623;69,80938542;69,46991768;69,1811846;68,09502678;68,43830719;68,56954655;70,18502479;70,06602149
Small states;SST;60,17366816;59,99277309;59,75322936;59,60012349;59,70987509;59,70218399;59,60090348;59,55687955;59,35042104;59,05677721;58,91872454;58,77794524;58,67501216;59,24240725;59,17342478;59,17502798;59,45633647;59,4028578;59,40267968;59,21505457;59,22690753;59,14543587;59,15627497;59,28446011;59,29585075;59,35140063;59,29695317;59,40293723;59,49734634;59,59594871;58,19082059;58,16902066;58,75253607;58,7981381;58,6793709
Sao Tome and Principe;STP;24,89;24,907;24,922;24,918;24,892;24,844;24,775;24,681;24,561;24,419;24,267;24,176;24,142;24,107;24,081;24,062;24,052;24,055;24,067;24,075;24,067;24,045;24,046;24,064;24,061;24,031;23,969;23,88;23,771;23,644;23,091;23,21;23,625;23,59;23,54
Suriname;SUR;48,218;48,297;48,278;47,958;48,058;47,98;47,637;47,294;46,952;46,61;47,169;47,729;48,289;48,85;49,411;49,972;50,533;51,094;51,655;52,216;52,776;53,335;53,893;54,45;55,006;55,561;56,115;56,139;56,32;56,323;53,549;54,052;54,125;54,185;54,148
Slovak Republic;SVK;66,067;66,094;64,176;62,159;59,887;59,827;60,158;59,676;59,083;59,263;59,662;60,199;59,926;60,304;60,072;59,463;59,062;58,722;59,175;58,702;58,835;58,801;59,183;59,249;59,787;59,625;60,008;59,894;59,727;59,556;58,906;60,201;61,157;61,193;60,852
Slovenia;SVN;58,625;58,531;58,4;58,238;58,076;57,904;57,766;58,725;59,617;58,438;57,741;57,789;58,377;56,712;59,091;59,342;59,467;59,987;59,783;59,643;59,362;58,157;57,83;57,628;57,853;57,591;56,843;58,552;58,945;58,383;57,811;58,38;59,053;58,677;58,358
Sweden;SWE;67,045;66,298;64,893;63,451;62,717;63,234;63,014;62,716;62,081;62,6;61,995;62,688;62,651;62,64;62,41;63,236;63,335;63,702;63,865;63,36;63,206;63,544;63,536;63,863;63,912;63,942;64,099;64,418;64,529;64,613;64,196;64,389;64,749;65,027;64,953
Eswatini;SWZ;55,268;55,079;54,896;54,802;55,04;55,196;54,992;54,734;54,418;54,091;53,79;53,531;53,312;53,131;52,981;52,856;52,749;52,611;52,418;52,215;52,028;51,863;51,722;51,592;51,445;51,284;51,135;50,489;49,837;49,181;48,222;48,358;47,714;47,397;47,152
Sint Maarten (Dutch part);SXM;;;;;;;;;;;;;;;;;;;;;;;;;;;;;;;;;;;
Seychelles;SYC;;;;;;;;;;;;;;;;;;;;;;;;;;;;;;;;;;;
Syrian Arab Republic;SYR;51,641;51,425;50,913;50,8;49,996;49,193;49,369;49,544;49,72;50,305;50,89;49,956;49,023;48,09;47,329;46,569;45,81;44,25;43,594;42,94;42,7;43,4;39,2;37,78;37,566;37,47;37,514;37,621;37,788;38,011;37,65;37,712;38,011;38,011;37,86
Turks and Caicos Islands;TCA;;;;;;;;;;;;;;;;;;;;;;;;;;;;;;;;;;;
Chad;TCD;72,144;72,131;72,069;72,3;71,853;71,402;70,947;70,487;70,023;69,555;69,083;68,607;68,126;67,642;67,155;66,663;66,168;65,669;65,167;64,661;64,152;63,64;63,125;62,607;62,086;61,562;61,035;60,506;59,974;59,936;59,367;59,404;60,592;60,462;60,282
East Asia & Pacific (IDA & IBRD countries);TEA;76,53379517;76,11906696;75,77894192;75,31701059;75,06036487;74,68804876;74,30979905;73,82710828;73,44518721;73,00325548;72,62226045;72,36830417;71,95869622;71,64900598;71,40869815;71,02556419;70,73818899;70,73826972;70,4984007;70,2541385;70,03877971;70,09425693;69,781589;69,29963562;69,08753481;68,77670137;68,37543445;67,88330909;67,6520082;67,34443161;65,92900626;66,44122003;65,96445649;65,94800585;65,59251725
Europe & Central Asia (IDA & IBRD countries);TEC;61,85512541;61,75880284;61,44297803;60,1878846;59,734368;59,34956689;58,76439938;57,96289454;57,54011306;58,53719792;58,12307689;57,58646605;57,45013308;57,00151299;56,73672839;56,79154127;56,71460398;56,97613523;57,26387995;57,30372616;57,63613522;57,90725989;57,93898408;58,01780628;58,05857272;58,18339452;58,35180916;58,41359674;58,43084497;58,14407252;57,11748796;57,74533511;58,55719541;58,42309151;58,15234775
Togo;TGO;59,473;59,398;59,32;59,239;59,153;59,069;58,981;58,877;58,763;58,659;58,574;58,51;58,46;58,413;58,362;58,318;58,266;58,221;58,195;58,186;58,2;58,213;58,217;58,207;58,186;58,155;58,118;58,074;58,022;57,964;57,414;57,7;58,098;58,159;58,13
Thailand;THA;75,615;75,447;75,303;75,161;75,023;75,31;75,543;75,479;74,57;73,367;73,55;73,616;73,323;73,054;73,045;73,058;72,493;72,871;72,873;72,835;71,657;73,226;72,825;69,97;69,794;69,269;68,315;67,525;67,798;66,94;67,022;66,952;67,181;66,898;66,489
Tajikistan;TJK;44,727;44,727;44,727;44,727;44,727;44,727;44,727;44,727;44,727;44,727;44,727;44,727;44,727;44,727;44,993;44,47;43,923;43,309;42,705;42,51;42,491;42,473;42,454;42,436;42,417;42,399;42,38;41,953;41,494;41,066;40,676;41,122;41,186;41,235;41,188
Turkmenistan;TKM;50,616;51,04;52,236;52,315;53,88;54,654;54,271;55,392;54,942;53,84;53,547;53,336;53,419;53,274;53,009;52,246;51,654;51,097;50,405;50,176;49,818;49,271;48,914;48,622;48,356;48,219;48,097;47,975;47,867;47,764;46,511;46,732;47,818;47,688;47,627
Latin America & the Caribbean (IDA & IBRD countries);TLA;62,0534823;62,22047664;62,53269692;62,90715621;63,15784793;63,39880251;62,90647229;63,66359631;63,82321295;63,80091165;63,63670718;63,67972769;63,72956125;63,94770451;64,42612439;64,75419294;64,94684889;64,79061116;64,69883774;64,88799116;64,41207329;64,06025036;64,19672668;63,91740381;63,6288353;63,73844609;63,65898588;63,76830472;63,8468;64,0074864;59,85670821;62,20614167;63,11942261;63,01085914;62,90203977
Timor-Leste;TLS;70,489;70,832;71,152;71,388;71,654;71,607;71,472;71,313;71,148;70,912;70,621;69,785;70,009;70,012;69,919;69,766;70,002;69,501;68,898;68,307;67,782;67,513;67,35;67,245;67,046;66,922;66,823;67,073;67,224;66,397;65,846;65,558;66,597;66,196;66,284
Middle East, North Africa, Afghanistan & Pakistan (IDA & IBRD);TMN;47,7048672;47,75966013;47,73443848;47,62094183;47,62054417;47,10767506;47,1432099;47,31045462;47,11219056;47,45135495;47,28523255;46,99193078;46,61528618;46,77603332;46,99439046;47,07270822;46,92845978;46,89975584;46,46541861;46,74224738;46,9830983;46,50673796;46,50438207;46,45754222;46,21523876;46,29771627;46,29208977;45,96336747;45,54178148;45,43595723;44,37055387;44,90026971;44,76088864;44,69020987;44,50564284
Tonga;TON;55,678;56,709;57,79;58,879;59,924;59,688;59,382;59,123;58,943;58,752;58,554;58,366;58,19;58,025;57,845;57,624;57,365;57,142;56,965;56,775;56,5;56,173;55,894;55,639;55,364;55,04;54,687;54,349;53,995;53,82;53,096;53,01;52,733;52,205;51,69
South Asia (IDA & IBRD);TSA;57,5516955;57,55284847;57,55565904;57,6032016;57,66038698;57,92391681;58,23716475;58,5394461;58,90917557;59,18644882;59,45498232;59,32421945;59,18758854;59,04762212;58,90510303;58,76586818;57,94625166;57,15709838;56,38360227;55,6294586;54,89191863;54,28754425;53,69518404;53,52131546;53,34187964;53,18383269;52,9907711;53,05875396;52,91535111;52,80412203;52,1592032;53,12673684;54,09994591;55,03926056;55,85503221
Sub-Saharan Africa (IDA & IBRD countries);TSS;73,90505621;73,95373193;73,97467765;73,98581783;74,04216251;74,11636099;74,09254345;74,04067004;73,97491616;73,9178157;73,83797686;73,74800359;73,61820391;73,54034476;73,43653057;73,34889593;73,17991753;72,96784554;72,71033738;72,34264356;71,80011728;71,97937887;71,83823534;71,66796741;70,9943221;70,68779716;70,37614623;69,80938542;69,46991768;69,1811846;68,09502678;68,43830719;68,56954655;70,18502479;70,06602149
Trinidad and Tobago;TTO;58,839;59,068;59,58;59,612;60,698;61,682;62,562;62,821;63,068;63,131;63,075;63,065;63,048;64,187;65,327;66,464;66,542;65,999;65,834;64,945;63,815;62,783;63,622;63,67;63,902;63,045;62,041;61,563;61,148;60,685;58,637;57,632;58,35;58,164;57,752
Tunisia;TUN;49,107;49,15;49,084;49,098;49,103;49,107;49,135;49,176;48,781;48,378;47,969;47,563;47,16;46,76;46,395;46,082;46,487;46,634;46,83;47,16;47,425;47,632;48,251;47,776;47,614;47,496;47,719;47,488;48,61;49,68;46,978;46,544;46,404;45,781;45,539
Turkiye;TUR;56,614;56,998;55,99;52,153;54,649;54,125;53,734;52,553;52,796;52,7;49,948;49,822;49,577;48,331;46,306;46,431;46,272;46,23;46,886;47,88;48,804;49,864;49,958;50,84;50,512;51,3;52;52,832;53,212;52,951;49,334;51,359;53,055;53,313;53,711
Tuvalu;TUV;;;;;;;;;;;;;;;;;;;;;;;;;;;;;;;;;;;
Tanzania;TZA;86,744;86,714;86,684;86,61;86,495;86,434;86,464;86,486;86,472;86,46;86,442;86,438;86,84;87,232;87,614;87,987;88,349;87,864;87,362;86,843;86,305;85,749;85,174;84,58;83,967;83,926;83,875;83,832;83,799;83,77;80,392;83,621;83,698;83,74;83,718
Uganda;UGA;73,589;73,627;73,697;73,747;73,855;74,031;74,208;74,352;74,455;74,454;74,492;74,488;74,404;74,311;74,23;74,145;74,001;73,861;73,693;73,521;73,35;80,156;83,998;84,894;77,205;75,036;72,622;69,938;73,957;77,242;78,651;79,156;81,087;80,82;80,848
Ukraine;UKR;59,51;59,281;59,052;58,823;58,593;58,363;58,133;57,902;57,671;57,439;57,207;56,975;56,743;56,51;56,277;56,044;55,81;56,24;56,247;56,253;56,26;56,266;56,273;56,279;56,286;56,292;56,299;56,305;56,312;56,318;55,087;54,639;;;
Upper middle income;UMC;71,6216027;71,3120052;71,0598663;70,65944867;70,56124084;70,27487904;69,84132796;69,58196754;69,30995289;68,96983175;68,58342697;68,32153847;68,02090205;67,80044874;67,61623291;67,36845669;67,12875648;67,06750001;66,79873989;66,63359856;66,26544958;66,21404393;66,0565205;65,62140448;65,35699992;65,25708563;65,03002104;64,82631094;64,6265546;64,46214242;62,46444741;63,44054177;63,28764605;63,28894333;62,99274204
Uruguay;URY;57,194;57,52;57,6;56,59;58,11;59,19;60,31;60,66;61,008;59,794;60,164;61,555;59,971;59,113;59,485;59,514;61,981;63,817;64,006;64,743;64,285;66,017;65,223;64,844;65,874;64,934;64,613;64,114;63,679;63,695;61,255;62,928;63,181;63,924;63,881
United States;USA;65,292;65;65,252;65,135;65,475;65,604;65,774;66,085;66,01;66,057;66,146;65,862;65,586;65,22;65,001;65,049;65,175;64,994;64,985;64,368;63,732;63,232;63,11;62,735;62,447;62,267;62,431;62,548;62,591;62,848;61,556;61,501;61,794;62,08;61,942
Uzbekistan;UZB;59,536;59,799;61,104;61,491;62,167;62,438;62,502;62,267;62,112;61,904;61,753;61,546;61,339;61,104;60,606;60,143;59,629;59,003;58,48;58,106;57,91;57,744;57,542;57,332;57,143;56,928;56,807;56,774;56,63;56,454;55,517;56,143;56,116;56,03;55,781
St. Vincent and the Grenadines;VCT;62,314;62,35;62,587;62,742;62,68;62,976;63,024;63,164;63,331;63,445;63,517;63,594;63,81;64,083;64,262;64,381;64,673;64,825;64,859;64,821;64,658;64,656;64,725;64,845;64,911;65,036;65,216;65,292;65,426;65,465;63,883;64,224;65,563;65,809;65,85
Venezuela, RB;VEN;64,075;64,49;64,691;64,581;64,315;64,418;64,283;64,526;64,427;63,93;64,039;64,133;63,405;62,685;63,761;64,275;64,86;64,416;64,294;64,042;63,854;63,626;63,114;62,635;62,154;61,671;61,185;59,973;58,298;55,221;51,95;52,118;52,758;52,959;52,641
British Virgin Islands;VGB;;;;;;;;;;;;;;;;;;;;;;;;;;;;;;;;;;;
Virgin Islands (U.S.);VIR;65,56;69,524;70,606;70,587;70,568;65,989;61,78;61,082;60,425;58,935;59,902;62,27;61,243;59,752;61,581;62,524;62,798;63,349;63,012;62,879;60,898;61,475;60,337;56,95;56,265;58,651;58,324;59,135;55,066;52,303;52,662;53,562;54,233;54,334;54,188
Viet Nam;VNM;78,248;78,162;77,974;77,814;77,628;77,411;77,201;76,223;75,406;74,584;73,46;74,97;74,464;74,131;74,004;74,259;74,604;75,036;75,59;76,039;76,267;76,372;76,323;77,234;77,306;77,43;76,965;77,2;77,482;76,614;74,367;73,696;74,482;74,089;73,688
Vanuatu;VUT;76,973;76,957;76,955;77;76,838;76,875;76,877;76,813;76,843;76,895;76,81;76,965;77,168;77,125;77,087;77,017;76,869;74,053;71,023;67,794;64,385;63,759;63,128;62,492;61,853;61,209;60,561;59,909;59,254;58,596;58,039;57,901;58,697;58,698;58,407
World;WLD;65,60065682;65,49021715;65,35019241;65,08629777;65,0165999;64,90147188;64,7805608;64,72067222;64,61403153;64,63606531;64,51176893;64,3041471;64,11465885;63,97747563;63,8950151;63,81081353;63,58448296;63,41287576;63,15110551;62,87544662;62,57017021;62,41623521;62,22360033;62,00385856;61,79613584;61,66768908;61,5120575;61,32488877;61,19333072;61,06782449;59,76830359;60,46069559;60,74447749;61,10871935;61,11183808
Samoa;WSM;56,59;56,725;56,78;56,666;56,947;56,758;56,587;56,756;56,823;56,863;56,719;56,417;56,182;55,98;55,874;55,61;55,512;55,461;55,278;55,282;55,009;54,824;54,98;54,988;54,96;54,798;54,501;54,432;52,357;50,102;47,522;45,483;43,733;43,301;42,665
Kosovo;XKX;;;;;;;;;;;;;;;;;;;;;;;;;;;;;;;;;;;
Yemen, Rep.;YEM;44,302;44,244;44,167;44,164;44,124;44,484;44,859;45,229;45,597;45,991;45,198;44,442;43,724;43,048;42,423;41,865;41,361;40,894;40,467;40,077;39,719;38,924;38,213;37,564;36,972;32,068;32,292;32,486;32,63;32,747;32,506;32,405;32,897;32,96;32,847
South Africa;ZAF;62,569;62,492;62,509;62,394;62,371;62,481;62,497;62,393;62,131;61,84;61,534;61,215;60,892;60,587;60,325;60,117;59,948;59,802;59,688;58,059;54,171;56,169;55,959;56,219;56,093;57,693;57,965;58,775;58,131;58,327;54,701;55,76;56,942;58,528;58,529
Zambia;ZMB;59,97;59,941;59,918;59,903;59,9;59,908;59,918;59,913;59,899;59,879;59,841;59,773;59,702;59,638;59,58;59,525;59,467;59,409;59,348;59,284;59,222;59,167;59,108;59,036;58,947;58,845;58,732;58,609;58,481;59,539;60,872;60,119;59,532;59,419;59,359
Zimbabwe;ZWE;67,302;67,126;67,185;67,276;67,132;66,906;66,598;66,276;65,978;65,733;65,566;65,453;65,413;65,446;65,509;65,579;65,622;65,659;65,734;65,839;65,96;66,071;66,171;66,242;66,254;66,219;66,143;66,04;65,92;65,795;64,763;65,398;65,214;65,001;64,934
