Country Name;Country Code;2000;2001;2002;2003;2004;2005;2006;2007;2008;2009;2010;2011;2012;2013;2014;2015;2016;2017;2018;2019;2020;2021;2022;2023;2024
Aruba;ABW;;;;;;;;;;;;;;;;;;;;;;;;;
Afghanistan;AFG;11.09332631;11.10522115;12.00773317;12.90992153;13.81868375;14.73385294;15.64842658;16.56252312;17.47601039;18.38888434;19.30113922;20.21288423;21.12399634;22.03446972;22.94430071;23.85358955;24.76222018;25.67141724;26.58131454;27.49173411;28.40250515;29.313843;30.03409813;;
Angola;AGO;;;;;;;;;;;;;;;;;;;;;;;;;
Albania;ALB;49.13832056;49.08119775;48.98476557;48.88544575;50.71767779;52.57833242;54.4670825;56.38384332;58.32847892;60.3009052;62.30063019;64.32740261;66.38085203;68.45983281;70.56326102;70.59196989;70.61650786;70.63694159;70.65335162;70.66585501;70.67453741;70.70579506;70.73606795;;
Andorra;AND;90.63999951;90.6400015;90.64000119;90.64000008;90.64000123;90.63999808;90.64000399;90.64000357;90.64000377;90.6400038;90.63999825;90.64000111;90.63999819;90.64000195;90.64000037;90.64000157;90.63999638;90.64000338;90.63999598;90.63999709;90.63999867;90.64000155;90.64000149;;
United Arab Emirates;ARE;;;;;;;;;;;;;;;;;;;;;;;;;
Argentina;ARG;;;;;;;;;;;;;;;;;;;;;;;;;
Armenia;ARM;82.35071935;82.45861869;82.57382492;82.69190567;82.81055945;82.92975586;83.04956632;83.16992433;83.2908923;83.26616462;83.24158935;83.21716934;83.19288903;83.16902261;83.14534804;83.07821072;82.93473086;82.79145838;82.95983804;82.82284776;82.68581879;82.54877772;82.41172394;;
American Samoa;ASM;80.57519231;81.61671287;82.6626372;83.7129653;84.76769716;85.82683279;86.89037218;87.5578229;87.7874953;88.0171677;88.2468401;88.4765125;88.70618491;88.93585731;89.16552971;89.39520211;89.62487451;89.85454691;89.85454691;89.85454691;89.85454691;89.85454691;;;
Antigua and Barbuda;ATG;;;;;;;;;;;;;;;;;;;;;;;;;
Australia;AUS;;;;;;;;;;;;;;;;;;;;;;;;;
Austria;AUT;96.71923477;96.89049777;97.06175451;97.23301239;97.40427293;97.57553467;97.74679768;97.9180547;98.08931402;98.26057645;98.43183703;98.60309534;98.7743527;98.91264186;98.91103088;98.90942135;98.90780819;98.90620205;98.90447482;98.90261913;98.90064308;98.89854282;98.89632339;;
Azerbaijan;AZE;57.74855478;59.4884134;60.11043413;60.72895972;61.34376705;61.95467734;62.56189412;63.16557867;63.76539141;64.36151041;64.95611473;65.54862721;66.13864431;66.72584786;67.30969812;67.88978273;68.4656824;69.03698468;69.60326589;70.16406507;70.67330997;71.14634824;71.61170272;;
Burundi;BDI;;;;;;;;;;;;;;;;;;;;;;;;;
Belgium;BEL;99.63134718;99.63134884;99.63135285;99.63134694;99.63135371;99.63135284;99.6313486;99.6313479;99.63134577;99.63134903;99.63966468;99.64797617;99.65629425;99.66460612;99.67292409;99.68123686;99.68955964;99.69786905;99.70618599;99.71450454;99.72281209;99.73113433;99.73944938;;
Benin;BEN;;;;;;;;;;;;;;;;;;;;;;;;;
Burkina Faso;BFA;;;;;;;;;;;;;;;;;;;;;;;;;
Bangladesh;BGD;55.31870083;55.32511609;55.30371515;55.27874715;55.25035294;55.21885007;55.18367364;55.14496823;55.10287513;55.05754576;55.00858639;54.95632277;55.30369245;55.66687813;56.04547782;56.44019783;56.85079903;57.27760142;57.72074495;58.18021327;58.65599777;59.1298464;59.10929532;;
Bulgaria;BGR;89.6637321;90.18406389;90.70462791;91.22540227;91.74640085;92.26762503;92.78907568;93.31076496;93.83269675;94.35487304;94.87729717;95.39997294;95.92294022;96.44622729;96.9233874;96.76209216;96.6015635;96.44181386;96.28281311;96.12456449;95.96707641;95.81034352;95.65433138;;
Bahrain;BHR;98.88197973;98.88849678;98.8950135;98.9015299;98.90804596;98.9145617;98.92107712;98.9275922;98.9269989;98.92508029;98.92316168;98.92124307;98.91932445;98.91740584;98.91548723;98.91356862;98.91165001;98.9097314;98.90781279;98.90589417;98.90397556;98.90397556;98.90397556;;
Bahamas, The;BHS;;;;;;;;;;;;;;;;;;;;;;;;;
Bosnia and Herzegovina;BIH;87.3499799;87.47272339;87.59461706;87.71558368;87.83569083;87.95482538;88.07303089;88.1903649;88.3067593;88.42221307;88.53673334;88.65033871;88.70229292;88.7976821;88.81718497;88.82512689;88.83335834;88.84189746;88.8506935;88.72297589;88.13888189;87.5547838;86.97067946;;
Belarus;BLR;81.81270734;81.96306865;82.11218946;82.25975803;83.36190652;84.44519877;85.50994403;86.55644749;87.5852408;88.59596526;89.60049132;90.58957845;91.55891428;92.31100942;92.40422543;92.49670655;92.58800377;92.67831571;92.76654466;92.8526696;92.93711077;93.01940273;93.09975592;;
Belize;BLZ;;;;;;;;;;;;;;;;;;;;;;;;;
Bermuda;BMU;;;;;;;;;;;;;;;;;;;;;;;;;
Bolivia;BOL;;;;;;;;;;;;;;;;;;;;;;;;;
Brazil;BRA;76.03210041;76.59752565;76.98463911;77.26596854;77.54171058;77.81196826;78.0771293;78.33726592;78.59245281;78.8422057;79.08718376;79.32989308;79.56786713;80.38308089;81.19480278;82.00246168;82.74326021;83.60515498;84.40003882;85.1909259;85.92161788;86.64403312;87.25871547;;
Barbados;BRB;;;;;;;;;;;;;;;;;;;;;;;;;
Brunei Darussalam;BRN;;;;;;;;;;;;;;;;;;;;;;;;;
Bhutan;BTN;22.29280748;22.74600974;23.20096352;23.65746898;24.11556724;24.56424472;24.91852796;25.27158047;25.62332676;25.97302454;26.32106774;30.2420417;34.16600229;38.0903976;42.76109599;47.45906674;52.08909145;56.59074989;60.82677608;65.0083051;69.13715868;72.66556687;73.34199194;;
Botswana;BWA;;;;;;;;;;;;;;;;;;;;;;;;;
Canada;CAN;98.16673937;98.17581291;98.17794446;98.18010645;98.1822382;98.24079538;98.29946537;98.35997218;98.41990959;98.47926404;98.53806391;98.59599112;98.6516771;98.70725355;98.76270634;98.8180621;98.87330749;98.92850337;98.98362609;99.03861963;99.03894619;99.03932083;99.03972929;;
Switzerland;CHE;96.69999946;96.70000265;96.69999812;96.70000166;96.69999841;96.70000076;96.70000328;96.69999911;96.699998;96.69999731;96.69999771;96.69999919;96.70000045;96.69999932;96.6999973;96.69999637;96.70000223;96.70000013;96.70000093;96.69999877;96.69999768;96.70000007;96.70000186;;
Channel Islands;CHI;;;;;;;;;;;;;;;;;;;;;;;;;
Chile;CHL;92.09302654;92.5939095;93.0706287;93.47617309;93.88457553;94.29474644;94.7076425;95.12258821;95.54008676;95.95955032;96.38097377;96.80474658;97.23040633;97.65809673;98.08776358;98.38247357;98.57763489;98.77023843;98.77136702;98.77136654;98.77137068;98.77136764;98.7713643;;
China;CHN;;;;;;;;;;;;;;;;;;;;;;;;;
Cote d'Ivoire;CIV;23.08665542;23.56304859;24.00674223;24.08592992;24.16487083;24.24292253;24.32050975;24.39763103;24.47428522;24.55005122;24.62534545;24.70016678;28.73757098;31.50568131;33.25077942;35.01074784;36.78547555;38.57546438;40.38101372;42.15154508;43.64164062;43.7664579;43.89215526;;
Cameroon;CMR;;;;;;;;;;;;;;;;;;;;;;;;;
Congo, Dem. Rep.;COD;12.21232678;12.21323742;12.20866138;12.19847076;12.18253294;12.16194769;12.13713268;12.10787412;12.0733618;12.03397975;11.98893091;11.93857248;11.88212147;11.819369;11.75037224;11.67464089;11.59195846;11.50185703;11.40437394;11.29904787;11.18566629;11.38371356;11.58433579;;
Congo, Rep.;COG;27.42229101;27.58308486;27.78180634;27.9804125;29.57639502;31.19525067;32.83665956;34.5007062;36.1879206;37.89809636;39.63144422;41.38690083;42.42858072;43.01324021;43.59852041;44.18409343;44.76963247;45.35481245;45.53563972;45.71646535;45.89689609;46.07653625;;;
Colombia;COL;68.54951802;68.86417082;69.17526162;69.48280618;69.78638244;70.08601245;70.3817299;70.63542333;70.88483527;71.12998845;71.37048336;71.60637291;71.83812373;72.06535749;72.28810151;72.50683793;72.72159971;72.93200625;73.12643789;73.27191936;73.4132311;73.71989554;73.85604483;;
Comoros;COM;;;;;;;;;;;;;;;;;;;;;;;;;
Cabo Verde;CPV;;;;;;;;;;;;;;;;;;;;;;;;;
Costa Rica;CRI;76.40623538;76.75395869;77.08671436;77.40466267;77.70784952;77.99627923;78.27047621;78.53062087;78.77711895;79.01002406;79.23003996;79.437388;79.63195153;79.8145511;79.98602628;80.14721556;80.29888117;80.4417707;80.52559036;80.52068401;80.51604657;80.51168811;80.50757849;;
Caribbean small states;CSS;;;;;;;;;;;;;;;;;;;;;;;;;
Cuba;CUB;;;;;;;;;;;;;;;;;;;;;;;;;
Curacao;CUW;;;;;;;;;;;;;;;;;;;;;;;;;
Cayman Islands;CYM;;;;;;;;;;;;;;;;;;;;;;;;;
Cyprus;CYP;95.85307183;95.85300514;95.85304397;95.8455426;96.10549345;96.36541063;96.62529656;96.88515391;97.14498091;97.40478253;97.6645478;97.92428296;98.18399666;98.44365336;98.70325916;98.96281415;99.22230525;99.48174563;99.7411138;99.76519236;99.76517216;99.76513248;99.76506274;;
Czechia;CZE;96.32185978;96.31792189;96.43582937;96.55407082;96.67268537;96.79166693;96.91102064;97.03072528;97.15082662;97.27128488;97.39212853;97.51333697;97.6355732;97.75822598;97.88044305;97.88072535;97.88100085;97.88131356;97.8816619;97.88204832;97.8824672;97.88292555;97.88341163;;
Germany;DEU;99.84289934;99.84290198;99.84290313;99.84290837;99.84934888;99.85582934;99.86233898;99.86888155;99.87545667;99.8784503;99.88152997;99.88470421;99.88771537;99.89072998;99.89375301;99.89677489;99.89984053;99.90294679;99.90611558;99.90934446;99.91265021;99.91604275;99.9164119;;
Djibouti;DJI;;;;;;;;;;;;;;;;;;;;;;;;;
Dominica;DMA;;;;;;;;;;;;;;;;;;;;;;;;;
Denmark;DNK;94.0215447;94.02154501;94.02154563;94.02154279;94.41844933;94.81535324;95.21226417;95.60916882;96.0060749;96.40297241;96.79987922;97.19678637;97.59368716;97.99059382;98.38750014;98.78440964;99.18130904;99.57821742;99.91883113;99.91883035;99.91882406;99.91882718;99.91882919;;
Dominican Republic;DOM;41.95907183;42.08168014;42.20253376;42.37858908;42.5745983;42.76491723;42.95011735;43.12986327;43.3042056;43.47217862;43.63473829;43.77853347;43.90859449;44.03399259;44.15502209;44.27185541;44.38441654;44.49237681;44.5939614;44.68936087;44.77878551;44.86265823;44.94117681;;
Algeria;DZA;70.07851733;70.64218503;71.19185837;71.72696432;72.24755177;72.75315105;73.24434661;73.72072126;74.18282384;74.62768772;75.05680781;75.46991698;75.86762297;76.25014268;76.61823194;76.97196064;76.39485926;75.73054179;75.0361304;73.95387749;72.24814733;70.54703078;70.59793396;;
Ecuador;ECU;58.20304855;58.7580238;59.26656039;59.74421018;60.22144242;60.69800717;61.17390575;61.64963818;62.12471283;62.59912447;63.07312561;63.5385152;63.99779793;64.4567911;64.91525644;65.37367358;65.83156109;66.18117227;66.39469848;66.60985713;66.8266653;67.04490248;67.08951177;;
Egypt, Arab Rep.;EGY;;;;;;;;;;;;;;;;;;;;;;;;;
Eritrea;ERI;;;;;;;;;;;;;;;;;;;;;;;;;
Spain;ESP;99.35200376;99.35276667;99.3870759;99.42211278;99.45735005;99.49275357;99.52834352;99.56412282;99.60008326;99.60359296;99.60646439;99.60932753;99.59834367;99.57171641;99.54493569;99.54764388;99.55036583;99.55311879;99.55587388;99.55867593;99.56148003;99.56429638;99.56714264;;
Estonia;EST;91.68187904;92.00879032;92.33977379;92.6746855;93.01373115;93.35693069;93.70417764;94.05564074;94.41134106;94.77130578;95.13545713;95.50393288;95.88739995;96.28194228;96.67541958;96.84609675;96.87794315;96.91004806;96.94275048;96.97601045;96.99838838;97.00866426;97.01938262;;
Ethiopia;ETH;5.043846347;5.42753511;5.593436658;5.776201485;5.976074928;6.192946534;6.427056812;6.683616939;7.018839912;7.371676315;7.742936504;8.13165334;8.538261222;8.955855426;9.390484613;9.841514787;10.30899722;10.79194711;11.29107585;11.80605257;12.33620328;12.88151333;13.23789824;;
Finland;FIN;93.81033034;94.20739619;94.60446583;95.00153791;95.39860614;95.79567353;96.19274092;96.58981157;96.98687483;97.38394507;97.78101136;98.17808147;98.57515443;98.97222085;99.36929047;99.63062605;99.63187158;99.63312866;99.63454783;99.63615198;99.63792536;99.63990231;99.64202706;;
Fiji;FJI;39.23305043;39.3319457;39.43083916;39.53001965;39.62956396;39.72871609;39.82823102;39.92785974;40.0519007;40.18190686;40.31231136;40.44261086;40.57330858;40.70339247;40.83361828;40.96399284;41.09425656;41.22415871;41.35394899;41.48286371;41.61064922;41.73755481;41.86358122;;
France;FRA;97.35587725;97.35235806;97.34887093;97.34540552;97.46617466;97.58779359;97.7102118;97.83344887;97.95745774;98.08225713;98.20784978;98.33426154;98.46149055;98.5895541;98.71844682;98.84819803;98.97879003;99.11024776;99.2425569;99.37573798;99.50978126;99.64470644;99.70414541;;
Faroe Islands;FRO;;;;;;;;;;;;;;;;;;;;;;;;;
Micronesia, Fed. Sts.;FSM;;;;;;;;;;;;;;;;;;;;;;;;;
Gabon;GAB;;;;;;;;;;;;;;;;;;;;;;;;;
United Kingdom;GBR;100;99.99999771;99.99999743;99.99999644;99.99999768;100;99.99817827;99.98605229;99.97392792;99.96180187;99.94967515;99.93754244;99.92542051;99.91329104;99.90116269;99.88903783;99.87690775;99.86478467;99.85265697;99.84052717;99.82840528;99.81627467;99.80414701;;
Georgia;GEO;64.11659382;64.06283184;64.14716569;64.3996928;64.65125211;64.90184353;65.15195523;65.4015857;65.65024859;65.89795072;66.14517508;66.39143652;66.63721939;66.88156751;67.12543946;67.36835529;67.61461817;67.86279832;68.11381489;68.36719636;68.62339333;68.88145941;69.14185103;;
Ghana;GHA;12.09628758;12.33979553;13.27551974;14.41100784;15.80790143;17.23667927;18.69811464;20.19171421;21.71730184;23.27362046;24.86189003;26.48082259;28.12981131;29.8078022;31.51449954;33.24960007;35.01281064;36.80340458;38.62106817;40.46504862;42.33545616;43.59805752;44.4680832;;
Gibraltar;GIB;100;100;100;100;100;100;100;100;100;100;100;100;100;100;100;100;100;100;100;100;100;100;100;;
Guinea;GIN;;;;;;;;;;;;;;;;;;;;;;;;;
Gambia, The;GMB;21.76900004;23.04749776;24.35190611;25.66645531;26.94475542;28.24406096;29.56431851;30.9054783;32.2679711;33.64979422;35.05231894;36.47444947;37.91713504;39.37761372;40.85511397;42.34881259;43.85727512;44.66125551;45.28106359;45.89241164;46.495303;47.089187;47.67465253;;
Guinea-Bissau;GNB;17.77465488;18.0717739;18.3696592;18.6673489;18.96497538;19.2616147;19.55807677;19.85344008;20.1478049;20.44029137;20.73194228;21.02185535;21.31008085;21.59605415;21.87979843;22.16103864;22.4392223;22.71408426;22.98561593;23.25327748;23.51680188;23.77591801;23.87160184;;
Equatorial Guinea;GNQ;;;;;;;;;;;;;;;;;;;;;;;;;
Greece;GRC;99.15238951;99.21812229;99.28735977;99.35514628;99.42153381;99.48648553;99.4733442;99.44516658;99.41644592;99.38720798;99.35744989;99.32719967;99.2964455;99.26519667;99.23347101;99.18443382;99.13363639;99.08283228;99.03203613;98.98123734;98.93044159;98.87963707;98.87964129;;
Grenada;GRD;78.71872508;79.61002488;80.50477839;81.40298562;82.30464658;83.20976125;84.11832965;85.03035176;85.94093169;86.83960644;87.74163632;88.64702132;89.44017351;89.8113018;89.91768;89.91768;89.91768;89.91768;;;;;;;
Greenland;GRL;;;;;;;;;;;;;;;;;;;;;;;;;
Guatemala;GTM;46.81888805;47.29901855;47.78180786;48.26303712;48.74406176;49.2272204;49.71269291;50.20067516;50.69118347;51.18367597;51.67890815;52.17632821;52.67633155;53.18113102;53.69084834;54.20601274;54.72614117;54.98538841;55.24571218;55.50661617;55.76823686;56.03049355;56.29330505;;
Guam;GUM;98.76647319;98.7909164;98.81535962;98.83980283;98.86424604;98.88868925;98.91313246;98.93757567;98.96201889;98.9864621;99.01090531;99.03534852;99.05979173;99.05979173;99.05979173;99.05979173;99.05979173;99.05979173;99.05979173;99.05979173;99.05979173;99.05979173;99.05979173;;
Guyana;GUY;;;;;;;;;;;;;;;;;;;;;;;;;
Hong Kong SAR, China;HKG;98.12427922;98.24783563;98.37146039;98.49515349;98.61891493;98.74274471;98.86664283;98.99060929;99.1146441;99.23874725;99.36291874;99.48715857;99.61146674;99.73584325;99.86028811;99.98401765;100;100;100;100;100;100;100;;
Honduras;HND;41.60141746;41.87106644;42.14838771;43.52074493;44.92496241;46.36073205;47.8287336;49.32891968;50.86167201;52.42657035;54.02439828;55.65461024;57.31810983;59.01392229;60.74301008;62.13795006;62.59683672;63.05179069;63.50249663;63.94898613;64.39129479;64.82911437;65.20679694;;
Croatia;HRV;85.11640784;85.16894907;85.21019167;85.25168154;85.29292734;85.33417092;85.37541882;85.41666117;;;;;;;;;;;;;;;;;
Haiti;HTI;;;;;;;;;;;;;;;;;;;;;;;;;
Hungary;HUN;86.63125007;86.63957157;86.67556378;86.71130063;86.74694577;86.78801895;86.83443607;86.88050689;86.92622299;86.97150089;87.01100287;87.05015089;87.07817829;88.59905443;90.11402468;91.62311446;93.1266726;94.62444145;96.14338385;97.62955066;99.10948171;99.99999885;100;;
Indonesia;IDN;23.54184443;23.87743949;24.21127618;24.54320624;24.873476;25.20141828;25.52741773;25.85120918;26.17303649;26.49239423;26.80710292;27.10765574;27.40621285;27.70253949;27.9969894;28.28921669;28.57923081;28.8665952;29.15155757;29.43391674;29.71391558;29.99125244;30.26616672;;
Isle of Man;IMN;;;;;;;;;;96.66723191;96.66723191;96.66723191;96.66723191;96.66723191;97.00306521;97.33945684;97.67640679;98.01391507;98.35198168;98.69060662;99.02978988;99.36953147;99.70983139;;
India;IND;;;;;;;;;;;;;;;;;;;;;;;;;
Ireland;IRL;64.4293758;64.53593927;64.64603886;64.772731;64.89963038;69.56671852;74.17241026;78.70412835;83.19453227;87.6441059;92.05278116;94.93119855;95.02115731;95.11063738;95.19962515;95.28813235;95.37613768;95.46347295;95.55008231;95.70191911;95.85353668;95.99583147;95.99140504;;
Iran, Islamic Rep.;IRN;90.34097281;90.5700792;90.79442586;91.01405569;91.22889494;91.43885842;91.64402131;91.83838783;92.02550564;92.20852149;92.38761727;92.56272567;92.73255469;92.89769004;93.05933814;93.21732963;93.37181289;93.52265578;93.66971397;93.81299012;93.95266104;94.08863277;94.22125147;;
Iraq;IRQ;50.24093786;50.71764829;51.19349978;51.66849693;52.14264046;52.61592145;53.08806965;53.55965179;54.03037302;54.49998402;54.98614045;55.48044835;55.97190835;56.4605406;56.94658822;57.4300489;57.91293384;58.39519561;58.87657216;59.35663083;59.66446215;59.70278242;59.74263127;;
Iceland;ISL;90.15560926;90.69080409;91.22600147;91.76119609;92.29639468;92.8315926;93.36679201;93.9019892;94.43718143;94.97238321;95.50757875;96.042776;96.57797147;97.11316958;97.64836848;98.18356382;98.71876069;99.25395617;99.7891572;99.99999846;100;100;100;;
Israel;ISR;99.77198628;99.77213841;99.75787558;99.74361366;99.72934096;99.71505516;99.7007595;99.68645681;99.67214892;99.65782683;99.64350664;99.62917923;99.61484376;99.60050985;99.58616303;99.57181602;99.5574612;99.54309754;99.52872333;99.51434274;99.49995773;99.48556442;99.47115604;;
Italy;ITA;94.76837962;94.98710866;95.20593802;95.42486769;95.64389767;95.86302797;96.08225858;96.13227013;95.90065016;95.66889803;95.43701374;95.20499727;94.97284863;94.74056783;94.50815486;94.25135524;93.99455563;93.73775601;93.4809564;93.22415679;92.96735717;92.71055756;92.71055756;;
Jamaica;JAM;;;;;;;;;;;;;;;;;;;;;;;;;
Jordan;JOR;53.49446697;53.49705433;53.4996419;53.50226854;53.50484954;53.45551216;55.55523361;57.66395431;59.78104766;61.90627205;64.03882927;66.17831152;68.32413213;70.47597724;72.6332167;74.81073446;76.98949067;79.1695333;81.35081297;83.53325411;85.71683911;85.71292166;85.70913102;;
Japan;JPN;97.85424256;97.85424256;97.85424256;97.85424256;97.85424256;97.90149264;97.94875049;97.99601611;98.04328949;98.09057064;98.13785955;98.18515623;98.23246068;98.2797729;98.32709288;98.37442062;98.42175614;98.46909942;98.51645046;98.56380928;98.61117586;98.6585502;98.6585502;;
Kazakhstan;KAZ;63.10208487;63.36984127;64.92973125;66.50293418;68.08937801;69.68897748;71.30165639;72.92733783;74.56594745;76.21740885;77.88132575;79.55826917;81.24783134;82.90749798;84.48870872;86.08145414;87.68541872;89.30042104;89.30981823;89.32126354;89.33464371;89.34996923;;;
Kenya;KEN;;;;;;;;;;;;;;;;;;;;;;;;;
Kyrgyz Republic;KGZ;45.65978138;45.65870199;45.94213325;46.22502825;46.50846173;48.28264842;50.08611951;51.91783134;53.77831754;55.66805675;57.59721644;59.56532993;61.57182224;63.35695007;65.13080748;66.93499942;68.75853887;70.52172884;72.30861609;74.11661399;76.33853729;76.4097769;76.4871521;;
Cambodia;KHM;16.96313439;17.44534964;17.92783506;18.41059194;18.89397713;19.37799407;19.86228634;20.34721673;20.84620506;21.41869061;21.99383152;22.571645;23.15214873;23.73499127;24.3209254;24.90960296;25.50104015;26.0948804;26.69338329;27.29620993;27.90376664;28.46830325;29.13127957;;
Kiribati;KIR;10.16914291;10.33283814;10.43968236;10.54668585;10.65373309;10.76070402;10.92348933;11.13099342;11.34081458;11.55259171;11.76645469;11.98240967;12.20046271;12.42010468;12.64172067;12.86518056;13.08850358;13.31110747;13.53319849;13.75472054;13.97534671;14.19515155;14.41407467;;
St. Kitts and Nevis;KNA;;;;;;;;;;;;;;;;;;;;;;;;;
Korea, Rep.;KOR;;;97.10565076;97.10565076;97.10565076;97.10565076;97.10565076;97.27111912;97.43672824;97.60247813;97.76836879;97.93440021;98.1005724;98.26688535;98.43333907;98.58375641;98.6926964;98.80168207;98.9107134;99.01979041;99.12891308;99.21021813;99.2801236;;
Kuwait;KWT;100;100;100;100;100;100;100;100;100;100;100;100;100;100;100;100;100;100;100;100;100;100;100;;
Lao PDR;LAO;4.877543053;6.665640431;8.601664401;10.61035599;11.12385167;11.60933291;12.03474632;12.46038053;12.88668391;13.31302847;13.73970917;14.16671351;14.59417819;15.02148961;15.44908619;15.87680813;16.30479083;16.73258156;17.16016894;17.58769597;17.68190382;17.77669824;17.87207557;;
Lebanon;LBN;43.47909933;43.70598917;43.93287901;44.15976884;44.38665868;44.61354852;44.84043835;45.06732819;45.29421803;45.52110786;45.7479977;45.97488754;46.20177737;46.42866721;46.65555705;46.88244688;47.10933672;47.33622656;47.5631164;47.7;47.7;47.7;47.7;;
Liberia;LBR;;;;;;;;;;;;;;;;;;;;;;;;;
Libya;LBY;;;;;;;;;;;;;;;;;;;;;;;;;
St. Lucia;LCA;;;;;;;;;;;;;;;;;;;;;;;;;
Liechtenstein;LIE;100;100;100;100;100;100;100;100;100;100;100;100;100;100;100;100;100;100;100;100;100;100;100;;
Sri Lanka;LKA;44.69059975;44.82000549;44.94892689;45.07835542;45.20779762;45.33675343;45.52626264;45.71533013;45.90495644;46.09464219;46.28387278;46.47367028;46.66352846;46.86227995;47.0706;47.28864635;47.51605689;47.75351269;48.00170885;47.82528978;47.5914243;47.35929945;47.12753287;;
Lesotho;LSO;8.852616682;9.720050503;10.61042693;11.52381487;12.46159563;13.42244748;14.40821001;15.37061569;16.35462046;17.35902836;18.38571933;19.43452308;20.38280748;21.23009474;22.08924232;22.9609405;23.84411915;24.73946927;25.65078525;26.57769304;27.52168366;27.86573298;28.21748742;;
Lithuania;LTU;68.38195002;68.72295605;69.06122597;69.40066022;71.21374304;73.05330694;74.91871626;76.79845808;78.6924672;80.59156881;82.49667078;84.42500513;86.38263782;88.3536206;90.33797289;92.3355913;93.99288117;94.44230919;94.87325128;94.89748745;94.92379327;94.95175037;94.98149647;;
Luxembourg;LUX;99.83156763;99.83031228;99.82940075;99.82851692;99.82764894;99.82680412;99.82598105;99.82517962;99.82440121;99.82364629;99.8229082;99.82218971;99.77648627;99.72375081;99.67429154;99.62786079;99.58425066;99.5432264;99.50460385;99.51253086;99.52006544;99.52723298;99.53408196;;
Latvia;LVA;92.38445137;92.36528171;92.39396446;92.43095461;92.49211438;92.55304518;92.63628558;92.89953032;93.1643293;93.43695014;93.71667188;93.99673546;94.27701279;94.55749407;94.8380754;95.11897314;95.40130649;95.6848313;95.96928524;96.25441325;96.53996132;96.8256719;97.11127226;;
Macao SAR, China;MAC;99.97120718;99.97120718;99.97120718;99.97120718;99.97335508;99.97550299;99.9776509;99.9797988;99.98194671;99.98409462;99.98624252;99.98839043;99.99053834;99.99268624;99.99483415;99.99698206;99.99912996;100;100;100;100;100;100;;
St. Martin (French part);MAF;96.7;96.7;96.7;96.7;96.7;96.7;96.7;96.7;96.7;96.7;96.69838104;96.69205229;96.68572354;96.6793948;96.67306605;96.6667373;96.66040855;96.6540798;96.64775105;96.64142231;96.63509356;96.62876481;96.62876481;;
Morocco;MAR;41.51656608;41.95547059;42.39307899;42.82827347;43.26161737;43.80539622;44.36928277;44.92938856;47.73959084;50.60236122;53.51767054;56.48219463;59.49482149;62.55336412;65.6567411;68.28291293;69.90109036;71.5253187;73.15412325;73.58407581;73.91218021;74.59271296;74.82419935;;
Monaco;MCO;100;100;100;100;100;100;100;100;100;100;100;100;100;100;100;100;100;100;100;100;100;100;100;;
Moldova;MDA;40.35328339;42.26136584;44.2158752;46.21740222;48.26705073;50.45547445;52.77062973;55.11780702;57.49705778;59.90842235;62.35195412;64.82769347;67.33568945;69.87598206;72.44862411;72.77373178;73.10594471;73.44444414;73.7892172;74.13972218;74.49593776;74.85757103;75.22434212;;
Madagascar;MDG;6.934227927;7.488780972;8.059689495;8.646786587;9.250258153;9.932615542;10.63589952;11.35999434;12.10538408;12.87110992;13.65762663;14.46476673;15.29256674;16.14083028;16.76300803;17.38623608;18.02669007;18.6844477;19.35982306;20.05256514;20.76353332;21.49212838;22.23922328;;
Maldives;MDV;;;;;;;;;;;;;;;;;;;;;;;;;
Mexico;MEX;39.59265692;39.77693456;39.95924035;40.13960474;40.31810507;40.49464516;40.66931808;40.84209348;41.0130993;41.18226454;41.34966524;41.51547744;41.67959172;41.84208399;42.00296104;42.16216394;42.31975779;42.47569959;42.63002405;42.78274366;42.89210182;42.96604199;43.03787942;;
Marshall Islands;MHL;;;;;;;;;;;;;;;;;;;;;;;;;
North Macedonia;MKD;80.47444438;80.45273988;80.43103448;80.40932823;80.38751965;80.37091759;80.35750548;80.34727365;80.34018653;80.33631983;80.33555699;80.33797011;80.34343034;80.35201058;80.36369389;80.37824533;80.3958472;80.41636945;80.3237909;80.35073391;80.38050306;80.41318215;80.44702587;;
Mali;MLI;;;;;;;;;;;;;;;;;;;;;;;;;
Malta;MLT;99.9999995;99.99999645;100;99.99999828;100;99.99999958;100;100;99.99999655;99.99999954;99.98402312;99.96638639;99.94875472;99.9311181;99.91348976;99.89585035;99.87821912;99.86058505;99.84295232;99.82531973;99.80768555;99.79004774;99.77241553;;
Myanmar;MMR;27.5142566;28.96122621;30.43430328;31.93373856;33.45945698;35.01138231;36.58909342;38.19284845;39.82256826;41.47782623;43.15923425;44.66844501;45.98442274;47.31608154;48.66385858;50.03127442;51.41780379;52.82257444;54.24494059;55.68369447;56.77102584;57.32547563;57.39649937;;
Montenegro;MNE;;;;;;;83.86928016;83.98739625;84.0797596;84.17143445;84.2625888;84.35329603;84.44355628;84.53344642;84.62296195;84.71210337;84.80079526;84.88910879;84.95357451;85.01322034;85.07219953;85.09555958;85.11891799;;
Mongolia;MNG;18.25587461;19.21540609;20.19663506;21.19853984;22.2200838;23.25890736;24.31555375;25.38863373;26.47741453;27.57910854;28.69503183;29.6201552;30.44058474;31.27106329;32.111189;32.96165036;33.82205423;34.69198635;35.57779306;36.47957044;37.39738139;38.33051581;39.28015504;;
Northern Mariana Islands;MNP;82.02754588;82.20465922;82.38177257;82.55888591;83.12269137;83.68815241;84.25526904;84.82404126;85.39446906;85.96655245;86.54029143;87.11568599;87.69273615;88.27144189;88.85180321;89.43382013;89.84742268;90.24329897;90.63917526;90.63917526;90.63917526;90.63917526;90.63917526;;
Mozambique;MOZ;;;;;;;;;;;;;;;;;;;;;;;;;
Mauritania;MRT;;;;;;;;;;;;;;;;;;;;;;;;;
Mauritius;MUS;;;;;;;;;;;;;;;;;;;;;;;;;
Malawi;MWI;6.930723281;7.301060867;7.680515742;8.069426763;8.467420906;8.874845523;9.29131816;9.717193069;10.15208075;10.60055086;11.06270646;11.53903726;12.02925441;12.53423613;13.05328526;13.58768407;14.13631364;14.70046353;15.28021414;15.87522951;16.48640461;17.11338747;17.75707962;;
Malaysia;MYS;92.5773021;92.69727662;92.7632829;92.83030945;92.89831049;92.96671584;93.03588266;93.10563016;93.17591974;93.24628848;93.31696499;93.37020979;93.42081121;93.47149872;93.52266553;93.57384096;93.6252759;93.67532013;93.72420661;93.77186255;93.81822007;93.86336693;93.94192081;;
North America;NAC;;;;;;95.38681836;95.3953276;95.40402956;95.4126705;95.42125607;95.57912012;95.73621202;95.89216184;96.04729154;96.20151749;96.35480594;96.5070502;96.65823697;96.80821508;96.95702114;97.10489781;97.25161294;97.39354711;;
Namibia;NAM;;;;;;;;;;;;;;;;;;;;;;;;;
New Caledonia;NCL;87.04396251;87.04396251;87.04396251;87.70611084;88.37045505;89.03699515;89.70573113;90.376663;91.04979076;91.72511439;92.40263392;93.08234932;93.76426061;94.44836779;95.13467085;95.50277488;95.72985997;95.95694506;96.18403015;96.41111524;96.63820033;96.86528541;96.86528541;;
Niger;NER;;;;;;;;;;;;;;;;;;;;;;;;;
Nigeria;NGA;12.60080863;12.96581964;13.77743299;14.6139093;15.47549251;16.36227335;17.27470345;18.21312321;19.17787113;20.16864934;21.18622014;22.22879819;23.20163635;23.79167193;24.37981024;24.96588106;25.54921487;26.1300145;26.70781306;27.28233791;27.85349083;28.4210293;28.98488487;;
Nicaragua;NIC;47.84902155;47.9499921;48.05105223;48.15258828;48.25460035;48.35869738;48.48102698;48.60358162;49.63554307;50.65626525;51.66618625;52.66535401;53.65381614;54.63161678;55.08079627;55.16754488;55.2550711;55.31084508;55.37498509;55.44343736;55.51591705;;;;
Netherlands;NLD;99.99387045;99.99269095;99.99151039;99.99033291;99.98914933;99.98796931;99.9867866;99.98560976;99.98442789;99.98324397;99.98206416;99.98088388;99.97970387;99.97852067;99.97734124;99.97616035;99.9749763;99.97379893;99.97261799;99.97143833;99.97025768;99.9690763;99.96789119;;
Norway;NOR;99.90882863;99.90882733;99.9088251;99.85453912;99.80025805;99.74596641;99.6916845;99.6373982;99.58311012;99.52882622;99.47453997;99.42025158;99.36596664;99.31168056;99.25739104;99.20311052;99.14882228;99.09453739;99.04024635;98.9859634;98.93168066;98.87739581;98.82311034;;
Nepal;NPL;26.74106553;27.03768715;27.2995745;27.5605431;27.82055102;28.07955904;28.33753113;28.59453709;28.85042246;29.10514682;29.35867164;29.61105951;29.86265297;28.432566;26.97638653;25.49421894;23.98655481;22.45362657;20.89586542;19.3135408;17.70711799;16.07690087;16.11663714;;
Nauru;NRU;;;;;;;;;;;;;;;;;;;;;;;;;
New Zealand;NZL;84.39357124;84.39357098;84.39357109;84.39357099;84.3935701;84.39357155;85.37428378;86.35500038;87.33571206;88.3164308;89.29714186;90.27785929;91.25857262;92.23928534;93.21999889;94.20071358;95.18142969;96.16214562;97.14285716;98.12357498;99.10428802;99.99999623;100;;
Oman;OMN;83.89832687;83.89374951;83.88917207;83.88459492;83.95737751;84.32566246;84.69061706;85.05204433;85.40998443;85.76402646;86.11466671;86.56857596;87.09616158;87.60553532;88.09871518;88.57535861;89.03638704;89.47486671;89.89310039;90.26776293;90.55716382;90.71065215;90.85174913;;
Pakistan;PAK;34.82704208;34.93716076;35.04728414;35.157073;35.266694;35.56515754;35.86586773;36.16884172;36.47390993;37.46539155;38.45960002;39.45647773;40.45596758;41.45769464;42.46193936;43.4686383;44.47773044;45.48902311;46.50448507;47.52388316;48.54683424;49.57296604;50.60177857;;
Panama;PAN;;;;;;;;;;;;;;;;;;;;;;;;;
Peru;PER;44.89840823;45.29703425;45.69190553;46.08346228;46.47131756;46.85508898;47.23563705;47.61216638;47.93300661;48.22848321;48.52299246;48.81573783;49.1075284;49.39757328;49.68628516;49.97405182;50.26011225;50.54485337;50.83094059;51.11794794;51.40620953;51.69531259;51.98521171;;
Philippines;PHL;40.57442691;40.68244041;41.82818395;42.9920581;44.17413413;44.53221623;44.66998679;44.80795886;44.94613962;45.08480689;45.23644442;45.45288552;45.66886762;45.88467456;46.09974467;46.31463336;46.52906494;46.74744374;46.97025902;47.19717462;47.42812709;47.66305817;47.90190412;;
Palau;PLW;65.43092155;66.31455903;67.19252222;68.06477331;69.13790175;70.22562861;71.32814742;72.44461744;73.57509167;74.71842717;75.87468489;77.04290419;78.22348171;79.41483111;80.61708647;81.8297948;83.04817639;84.27134198;85.49877851;86.72964966;87.96424325;89.20143427;90.44084862;;
Papua New Guinea;PNG;;;;;;;;;;;;;;;;;;;;;;;;;
Poland;POL;;;;;;91.95850158;92.34340645;92.72996241;93.11819816;93.50833374;93.23504655;92.95179234;92.65698627;92.35212298;92.03690359;91.71144545;91.37841562;91.0381222;90.69058677;90.3359777;89.61918768;88.90617795;88.91449931;;
Puerto Rico (US);PRI;75.13195127;75.24593245;75.35991364;75.47389482;75.587876;75.70185719;75.81583837;75.92981956;76.04380074;78.83245449;81.6291143;84.4337802;87.24645216;90.06713019;92.8958143;95.73250448;98.57720073;99.44614594;99.74116581;99.87310759;99.87310759;99.87310759;99.87310759;;
Korea, Dem. People's Rep.;PRK;68.99947015;69.0183483;69.03723123;69.05587198;69.03631699;68.82840224;68.62117072;68.41413249;68.20753035;68.02087261;67.84200035;67.66362368;67.48651517;67.31015844;67.13480555;66.96019212;66.79067237;66.6258225;66.46602831;66.31140898;66.38089703;66.45431945;66.53139987;;
Portugal;PRT;93.65893955;93.69343258;93.72778179;93.76341089;93.8003255;93.8382334;93.87748214;93.91784317;93.95939324;94.00189592;94.12394054;94.2445699;94.36371355;94.45235092;94.53890694;94.62334159;94.7056823;94.78596065;94.86413723;94.94031143;95.01444466;95.0865778;95.15673399;;
Paraguay;PRY;49.8363407;50.79239762;51.7348954;52.56898882;53.37760897;54.17941887;54.97408903;55.76164738;56.54244077;57.31616396;58.08284781;58.84252004;59.59549476;60.33295771;61.06107176;61.78319244;62.49958992;63.20980611;63.91670435;64.01892872;64.08422143;64.15144761;64.22060427;;
West Bank and Gaza;PSE;73.13644912;73.4689138;73.80082046;74.13202096;74.46267654;74.79263548;75.12198334;75.45078941;75.77891985;76.106914;76.43480877;76.76252951;77.09004094;77.41732481;77.74435501;78.07105447;78.39740144;78.72343208;79.04901889;79.37424789;79.69894582;80.02319432;80.33018247;;
French Polynesia;PYF;92.02881095;92.02884875;92.02888654;92.02892434;92.02895527;92.02895527;92.02895527;92.02895527;92.02895527;92.02895527;92.02895527;91.17764729;90.3263393;89.47503132;88.62372334;87.77241535;86.92110737;86.06979939;85.2184914;84.36718342;83.51587544;82.66456745;81.81325947;;
Qatar;QAT;96.34022045;96.34022045;96.34022045;96.34022045;96.34022045;96.34022045;96.34022045;96.34022045;96.34022045;96.68583834;97.03149803;97.37719952;97.7229428;97.57926664;97.42227102;97.26525535;97.10821963;96.95116386;96.79408805;96.63699218;96.64293348;96.64887477;96.65481606;;
Romania;ROU;81.6520248;81.60899841;81.5886188;81.62597968;81.66306011;81.70013555;81.73721151;81.77429289;81.81136789;81.84844689;81.8855244;81.92260255;81.9265652;81.91609138;81.90561814;81.90193926;81.90561962;81.91581047;81.93335718;81.95769797;81.98883162;82.02704009;82.07232484;;
Russian Federation;RUS;74.74427771;74.74308923;74.78977548;74.84738336;74.90872373;74.96994195;75.03103787;75.09200587;75.15285185;75.21328902;75.27388552;75.33436258;75.39867021;75.46647244;75.53827105;75.61345347;75.69223999;75.77457257;75.86011816;75.94882709;76.04064388;76.13550914;76.23310714;;
Rwanda;RWA;;;;;;;;;;;;;;;;;;;;;;;;;
South Asia;SAS;;;;;;;;;;;;;;;;;;;;;;;;;
Saudi Arabia;SAU;;;;;;;;;;;;;;;;;;;;;;;;;
Sudan;SDN;;;;;;;;;;;;;;;;;;;;;;;;;
Senegal;SEN;20.02956992;20.26372621;20.4971792;20.77638765;21.0911266;21.40476396;21.71791336;22.03026056;22.34180161;22.65222878;22.96214838;23.27124826;23.57922756;23.88638325;24.19271178;24.50057196;24.80963613;25.12045345;25.43240428;25.74574291;26.06014728;26.37587024;26.69259042;;
Singapore;SGP;100;100;100;100;100;100;100;100;100;100;100;100;100;100;100;100;100;100;100;100;100;100;100;;
Solomon Islands;SLB;;;;;;;;;;;;;;;;;;;;;;;;;
Sierra Leone;SLE;5.193292879;5.306577772;5.487624457;5.674207439;5.866251561;6.069888325;6.283213562;6.501309299;6.724051665;6.951244341;7.18276828;7.418570775;7.65852484;7.902376847;8.150131947;8.40160251;8.656720511;8.915711343;9.178475564;9.444748567;9.714313051;9.986945564;10.26241864;;
El Salvador;SLV;;;;;;;;;;;;;;;;;;;;;;;;;
San Marino;SMR;100;100;100;100;100;100;100;100;100;100;100;100;100;100;100;100;100;100;100;100;100;100;100;;
Somalia, Fed. Rep.;SOM;;;;;;;;;;;;;;;;;;;;;;;;;
Serbia;SRB;74.34194869;74.38126197;74.42054393;74.45965601;74.49903931;74.53808845;74.57711904;74.61626637;74.65523894;74.69418126;74.73294833;74.77184057;74.79855254;74.82104879;74.84368095;74.86615197;74.88875673;74.91404037;74.94200597;74.97263785;75.00594659;75.04207243;75.0752476;;
South Sudan;SSD;;;;;;;;;;;;;;;;;;;;;;;;;
Sao Tome and Principe;STP;25.76330699;26.22144687;26.71531217;27.21922362;27.72803134;28.24063027;28.75745126;29.27836218;29.80321897;30.33127363;30.86295067;31.39777891;31.93587889;32.47220654;33.00734786;33.54096516;34.07302474;34.6035063;35.1323853;35.53752978;35.86637942;36.1882152;36.30069182;;
Suriname;SUR;51.58039616;51.81575272;52.0507335;52.28471522;52.51800817;52.71265801;52.9043193;53.09632557;53.28897268;53.48253614;53.67645604;53.87101485;54.0662107;54.26204811;54.46284467;54.66861422;54.87885481;55.09333162;55.31203323;55.53425035;55.76043447;55.7762567;55.79615202;;
Slovak Republic;SVK;92.17964523;92.17798765;92.81332673;93.44967058;94.08702074;94.72537889;95.36473848;96.00510318;96.64648849;97.28888108;97.93308972;98.57904127;98.82872383;98.86432557;98.89992774;98.93552848;98.97112982;99.00672814;99.04232671;99.07792664;99.11353327;99.14912807;99.18472988;;
Slovenia;SVN;91.10522951;91.10522951;91.10522951;91.10522951;91.10522951;91.10522951;91.10522951;91.10522951;91.10522951;91.10522951;91.78527307;92.46531664;93.1453602;93.82540377;94.50544733;95.18549089;95.86553446;96.54557802;97.22562159;97.90566515;98.27432091;98.27432091;98.27432091;;
Sweden;SWE;99.3918989;99.40434824;99.41694543;99.42948645;99.44195951;99.45435752;99.46715703;99.48026029;99.49320153;99.50597335;99.52668481;99.54783016;99.56925044;99.59030641;99.61101068;99.63138741;99.65142493;99.67114085;99.69053302;99.70961304;99.72807241;99.73844577;99.73887987;;
Eswatini;SWZ;;;;;;;;;;;;;;;;;;;;;;;;;
Sint Maarten (Dutch part);SXM;;;;;;;;;;;;;;;;;;;;;;;;;
Seychelles;SYC;;;;;;;;;;;;;;;;;;;;;;;;;
Syrian Arab Republic;SYR;;;;;;;;;;;;;;;;;;;;;;;;;
Turks and Caicos Islands;TCA;;;;;;;;;;;;;;;;;47.22444036;47.19711323;47.1715195;47.14765519;47.12533699;47.10447877;47.08507718;;
Chad;TCD;5.52087399;5.554363404;5.586597043;5.6178206;5.647914451;5.676879519;5.704717782;5.731559942;5.757150622;5.781619435;5.807364525;5.834463667;5.863130313;5.893310933;5.925087721;5.958684062;5.994188838;6.0316936;6.071435842;6.113368349;6.157883138;6.204938183;6.247048605;;
Togo;TGO;7.445968425;7.565111967;7.68563842;7.807324078;7.930175086;8.053966547;8.178931087;8.305074545;8.432630639;8.560682252;8.690156171;13.09969189;15.16383623;15.60484401;16.05057292;16.50109267;16.95745731;17.41952838;17.88740974;18.36120422;18.84101717;19.12943514;19.41779043;;
Thailand;THA;;;;;;;;;;;;;;;;;;;;;;;;;
Tajikistan;TJK;35.99046032;37.02203989;38.07823015;39.15902957;40.26387592;41.39389504;42.54851696;43.72774064;44.93156329;46.1599858;47.41300294;48.52484724;49.36803663;50.20957628;51.04946639;51.88727096;52.72284776;53.55591109;54.38607003;55.21331119;55.23686453;55.26316675;55.29210075;;
Turkmenistan;TKM;66.66758831;67.85868877;69.06092229;70.2736879;71.49673693;73.17298741;74.86708399;76.57836946;78.30524532;80.04744662;81.80358304;83.57266953;85.35385798;87.14606911;88.94334853;90.74768271;92.28499388;93.68088244;94.79052683;94.81207151;94.83423669;94.85705606;94.8805427;;
Timor-Leste;TLS;;;;;;;;;;;;;;;;;;;;;;;;;
Tonga;TON;29.24114723;29.24895896;29.25650214;29.26431532;29.27212724;29.29396663;29.31609632;29.34203942;29.37099597;29.39999292;29.42903458;29.45811778;29.47034626;29.47028712;29.46991436;29.46977041;29.46958584;29.46935997;29.47321433;29.48089496;29.49296466;29.50862047;29.5287017;;
Trinidad and Tobago;TTO;;;;;;;;;;;;;;;;;;;;;;;;;
Tunisia;TUN;71.81362375;72.11096984;72.40465374;72.69499932;72.97704908;73.23371086;73.48809834;73.73965097;73.98867055;74.23516631;74.478885;74.72037559;75.14003185;75.55633616;75.97001287;76.38257742;76.71289362;76.03083746;75.33632041;74.62857119;73.90692549;74.10628117;74.30346031;;
Turkiye;TUR;;;;;;;;;;;;;;;;;;;;;;;;;
Tuvalu;TUV;7.669800513;7.692657469;7.715567733;7.759010885;7.81300583;7.866956005;7.920964118;7.974977997;8.028998038;8.082770114;8.136395229;8.189874541;8.243206396;8.29608638;8.347595332;8.397683471;8.446299319;8.493390468;8.53905946;8.583255089;8.625977168;8.667275936;8.707100612;;
Tanzania;TZA;1.430446801;1.473421922;1.517356202;1.575070959;2.277909555;3.032213208;3.840234103;5.474573697;7.010434375;7.483666414;7.757742512;8.036019845;8.318958777;8.605993035;8.896537479;9.190617617;9.487833902;9.788417437;10.09217348;10.39867925;10.70838213;11.02063172;11.33565253;;
Uganda;UGA;2.29626288;2.735025266;3.277562732;3.840949635;4.425556447;5.030758686;5.657710785;6.305952979;6.976078113;7.667773011;8.381658368;9.117634283;9.876101304;10.65636884;11.45965945;12.28554249;13.13350907;14.0036092;14.89523756;15.80938218;16.74508124;17.70231604;18.68142321;;
Ukraine;UKR;66.5397828;66.55705364;66.62773763;66.73622698;69.34844842;71.95749468;74.5352118;77.09165044;79.62727614;82.14158021;84.61850488;87.09010192;89.55654802;89.55719725;89.01359778;88.84098306;88.6682643;88.49545241;88.32258221;88.14986403;87.9774979;87.76939717;87.62072501;;
Uruguay;URY;;;;;;;;;;;;;;;;;;;;;;;;;
United States;USA;;;;;;95.35509038;95.36439365;95.37364205;95.38283603;95.39197559;95.5578891;95.7230909;95.88738531;96.05080531;96.21326611;96.37470935;96.53506743;96.6943508;96.85243256;97.0093299;97.16495749;97.31930029;97.46838875;;
Uzbekistan;UZB;53.76748684;55.11487039;56.45624904;57.79080247;59.11776305;60.43691365;61.74850663;63.05182533;64.3466525;65.63235168;66.90956589;68.06669276;69.11726098;70.1788931;71.25162645;72.33551308;73.43059548;74.5369168;75.66172215;76.77455602;77.78847492;78.81259694;79.84529824;;
St. Vincent and the Grenadines;VCT;;;;;;;;;;;;;;;;;;;;;;;;;
Venezuela, RB;VEN;;;;;;;;;;;;;;;;;;;;;;;;;
British Virgin Islands;VGB;;;;;;;;;;;;;;;;;;;;;;;;;
Virgin Islands (U.S.);VIR;97.58309331;97.61250348;97.64191364;97.6713238;97.70073396;97.73014412;97.75955427;97.78896442;97.81837457;97.84778471;97.87719485;97.90660499;97.93601512;97.93600973;97.93600433;97.93599894;97.93599355;97.93599355;97.93599355;97.93599355;97.93599355;;;;
Viet Nam;VNM;45.63900261;46.20396941;46.76911617;47.33290079;47.89631349;48.4582045;49.01919396;49.57919332;50.137769;50.69551687;51.25601225;51.81473886;52.3719498;52.92625065;53.47887799;54.02942235;54.57748944;55.12145498;55.66160863;56.19791425;56.73034982;57.25798247;57.78141143;;
Vanuatu;VUT;;;;;;;;;;;;;;;;;;;;;;;;;
Samoa;WSM;60.50485636;60.53071538;60.49463052;60.42557589;60.35708958;60.4735583;60.5888864;60.70428164;60.81950694;60.93371008;61.04691444;61.15883033;61.26539598;61.5138418;61.61507775;61.71492977;61.81374157;61.91221194;62.01586019;62.07564277;62.10706167;62.14566323;62.19171375;;
Kosovo;XKX;;;;;;;;;;;;;;;;;;;;;;;;;
Yemen, Rep.;YEM;;;;;;;;;;;;;;;;;;;;;;;;;
South Africa;ZAF;;;;;;;;;;;;;;;;;;;;;;;;;
Zambia;ZMB;;;;;;;;;;;;;;;;;;;;;;;;;
Zimbabwe;ZWE;29.19332723;29.34476286;29.47526302;29.44712795;29.38941136;29.19447394;28.99888125;28.80301797;28.60651526;28.40976583;28.2123945;28.01480021;27.81659934;27.61820017;27.43136929;27.25681769;27.09445356;26.94458843;26.80793849;26.68397765;26.57384603;26.47699533;26.5164279;;